ISO-10303-21;
HEADER;
FILE_DESCRIPTION(('RaspberryPi_4B_Model_B_Envelope'),'2;1');
FILE_NAME('RaspberryPi_4B_Model_B_Envelope','2026-05-18T00:00:00',('Codex'),(''),'','', '');
FILE_SCHEMA(('AUTOMOTIVE_DESIGN_CC2 { 1 2 10303 214 3 1 1 }'));
ENDSEC;
DATA;
#1=APPLICATION_CONTEXT('automotive_design');
#2=APPLICATION_PROTOCOL_DEFINITION('international standard','automotive_design',2000,#1);
#3=PRODUCT_CONTEXT('',#1,'mechanical');
#4=PRODUCT('RaspberryPi_4B_Model_B_Envelope','RaspberryPi_4B_Model_B_Envelope','', (#3));
#5=PRODUCT_DEFINITION_FORMATION_WITH_SPECIFIED_SOURCE('','',#4,.NOT_KNOWN.);
#6=PRODUCT_DEFINITION_CONTEXT('part definition',#1,'design');
#7=PRODUCT_DEFINITION('design','',#5,#6);
#8=PRODUCT_DEFINITION_SHAPE('','',#7);
#9=(LENGTH_UNIT()NAMED_UNIT(*)SI_UNIT(.MILLI.,.METRE.));
#10=(NAMED_UNIT(*)PLANE_ANGLE_UNIT()SI_UNIT($,.RADIAN.));
#11=(NAMED_UNIT(*)SI_UNIT($,.STERADIAN.)SOLID_ANGLE_UNIT());
#12=UNCERTAINTY_MEASURE_WITH_UNIT(LENGTH_MEASURE(1.E-05),#9,'distance_accuracy_value','confusion accuracy');
#13=(GEOMETRIC_REPRESENTATION_CONTEXT(3) GLOBAL_UNCERTAINTY_ASSIGNED_CONTEXT((#12)) GLOBAL_UNIT_ASSIGNED_CONTEXT((#9,#10,#11)) REPRESENTATION_CONTEXT('','3D'));
#14=CARTESIAN_POINT('',(-53.770000,-76.630000,-9.600000));
#15=CARTESIAN_POINT('',(-53.770000,-76.630000,-8.000000));
#16=CARTESIAN_POINT('',(-53.770000,8.370000,-9.600000));
#17=CARTESIAN_POINT('',(-53.770000,8.370000,-8.000000));
#18=CARTESIAN_POINT('',(2.230000,-76.630000,-9.600000));
#19=CARTESIAN_POINT('',(2.230000,-76.630000,-8.000000));
#20=CARTESIAN_POINT('',(2.230000,8.370000,-9.600000));
#21=CARTESIAN_POINT('',(2.230000,8.370000,-8.000000));
#22=POLY_LOOP('',(#15,#19,#21,#17));
#23=FACE_OUTER_BOUND('',#22,.T.);
#24=CARTESIAN_POINT('',(-25.770000,-34.130000,-8.000000));
#25=DIRECTION('',(0.000000,0.000000,1.000000));
#26=DIRECTION('',(1.000000,0.000000,0.000000));
#27=AXIS2_PLACEMENT_3D('',#24,#25,#26);
#28=PLANE('',#27);
#29=ADVANCED_FACE('',(#23),#28,.T.);
#30=POLY_LOOP('',(#14,#16,#20,#18));
#31=FACE_OUTER_BOUND('',#30,.T.);
#32=CARTESIAN_POINT('',(-25.770000,-34.130000,-9.600000));
#33=DIRECTION('',(0.000000,0.000000,-1.000000));
#34=DIRECTION('',(1.000000,0.000000,0.000000));
#35=AXIS2_PLACEMENT_3D('',#32,#33,#34);
#36=PLANE('',#35);
#37=ADVANCED_FACE('',(#31),#36,.T.);
#38=POLY_LOOP('',(#16,#17,#21,#20));
#39=FACE_OUTER_BOUND('',#38,.T.);
#40=CARTESIAN_POINT('',(-25.770000,8.370000,-8.800000));
#41=DIRECTION('',(0.000000,1.000000,0.000000));
#42=DIRECTION('',(1.000000,0.000000,0.000000));
#43=AXIS2_PLACEMENT_3D('',#40,#41,#42);
#44=PLANE('',#43);
#45=ADVANCED_FACE('',(#39),#44,.T.);
#46=POLY_LOOP('',(#14,#18,#19,#15));
#47=FACE_OUTER_BOUND('',#46,.T.);
#48=CARTESIAN_POINT('',(-25.770000,-76.630000,-8.800000));
#49=DIRECTION('',(0.000000,-1.000000,0.000000));
#50=DIRECTION('',(1.000000,0.000000,0.000000));
#51=AXIS2_PLACEMENT_3D('',#48,#49,#50);
#52=PLANE('',#51);
#53=ADVANCED_FACE('',(#47),#52,.T.);
#54=POLY_LOOP('',(#18,#20,#21,#19));
#55=FACE_OUTER_BOUND('',#54,.T.);
#56=CARTESIAN_POINT('',(2.230000,-34.130000,-8.800000));
#57=DIRECTION('',(1.000000,0.000000,0.000000));
#58=DIRECTION('',(0.000000,1.000000,0.000000));
#59=AXIS2_PLACEMENT_3D('',#56,#57,#58);
#60=PLANE('',#59);
#61=ADVANCED_FACE('',(#55),#60,.T.);
#62=POLY_LOOP('',(#14,#15,#17,#16));
#63=FACE_OUTER_BOUND('',#62,.T.);
#64=CARTESIAN_POINT('',(-53.770000,-34.130000,-8.800000));
#65=DIRECTION('',(-1.000000,0.000000,0.000000));
#66=DIRECTION('',(0.000000,1.000000,0.000000));
#67=AXIS2_PLACEMENT_3D('',#64,#65,#66);
#68=PLANE('',#67);
#69=ADVANCED_FACE('',(#63),#68,.T.);
#70=CLOSED_SHELL('',(#29,#37,#45,#53,#61,#69));
#71=MANIFOLD_SOLID_BREP('rpi4b_pcb',#70);
#72=CARTESIAN_POINT('',(-1.380000,-49.530000,-8.400000));
#73=CARTESIAN_POINT('',(-1.380000,-49.530000,-0.400000));
#74=CARTESIAN_POINT('',(-1.380000,1.270000,-8.400000));
#75=CARTESIAN_POINT('',(-1.380000,1.270000,-0.400000));
#76=CARTESIAN_POINT('',(3.920000,-49.530000,-8.400000));
#77=CARTESIAN_POINT('',(3.920000,-49.530000,-0.400000));
#78=CARTESIAN_POINT('',(3.920000,1.270000,-8.400000));
#79=CARTESIAN_POINT('',(3.920000,1.270000,-0.400000));
#80=POLY_LOOP('',(#73,#77,#79,#75));
#81=FACE_OUTER_BOUND('',#80,.T.);
#82=CARTESIAN_POINT('',(1.270000,-24.130000,-0.400000));
#83=DIRECTION('',(0.000000,0.000000,1.000000));
#84=DIRECTION('',(1.000000,0.000000,0.000000));
#85=AXIS2_PLACEMENT_3D('',#82,#83,#84);
#86=PLANE('',#85);
#87=ADVANCED_FACE('',(#81),#86,.T.);
#88=POLY_LOOP('',(#72,#74,#78,#76));
#89=FACE_OUTER_BOUND('',#88,.T.);
#90=CARTESIAN_POINT('',(1.270000,-24.130000,-8.400000));
#91=DIRECTION('',(0.000000,0.000000,-1.000000));
#92=DIRECTION('',(1.000000,0.000000,0.000000));
#93=AXIS2_PLACEMENT_3D('',#90,#91,#92);
#94=PLANE('',#93);
#95=ADVANCED_FACE('',(#89),#94,.T.);
#96=POLY_LOOP('',(#74,#75,#79,#78));
#97=FACE_OUTER_BOUND('',#96,.T.);
#98=CARTESIAN_POINT('',(1.270000,1.270000,-4.400000));
#99=DIRECTION('',(0.000000,1.000000,0.000000));
#100=DIRECTION('',(1.000000,0.000000,0.000000));
#101=AXIS2_PLACEMENT_3D('',#98,#99,#100);
#102=PLANE('',#101);
#103=ADVANCED_FACE('',(#97),#102,.T.);
#104=POLY_LOOP('',(#72,#76,#77,#73));
#105=FACE_OUTER_BOUND('',#104,.T.);
#106=CARTESIAN_POINT('',(1.270000,-49.530000,-4.400000));
#107=DIRECTION('',(0.000000,-1.000000,0.000000));
#108=DIRECTION('',(1.000000,0.000000,0.000000));
#109=AXIS2_PLACEMENT_3D('',#106,#107,#108);
#110=PLANE('',#109);
#111=ADVANCED_FACE('',(#105),#110,.T.);
#112=POLY_LOOP('',(#76,#78,#79,#77));
#113=FACE_OUTER_BOUND('',#112,.T.);
#114=CARTESIAN_POINT('',(3.920000,-24.130000,-4.400000));
#115=DIRECTION('',(1.000000,0.000000,0.000000));
#116=DIRECTION('',(0.000000,1.000000,0.000000));
#117=AXIS2_PLACEMENT_3D('',#114,#115,#116);
#118=PLANE('',#117);
#119=ADVANCED_FACE('',(#113),#118,.T.);
#120=POLY_LOOP('',(#72,#73,#75,#74));
#121=FACE_OUTER_BOUND('',#120,.T.);
#122=CARTESIAN_POINT('',(-1.380000,-24.130000,-4.400000));
#123=DIRECTION('',(-1.000000,0.000000,0.000000));
#124=DIRECTION('',(0.000000,1.000000,0.000000));
#125=AXIS2_PLACEMENT_3D('',#122,#123,#124);
#126=PLANE('',#125);
#127=ADVANCED_FACE('',(#121),#126,.T.);
#128=CLOSED_SHELL('',(#87,#95,#103,#111,#119,#127));
#129=MANIFOLD_SOLID_BREP('gpio_header_body',#128);
#130=CARTESIAN_POINT('',(-28.500000,-37.000000,-11.125000));
#131=CARTESIAN_POINT('',(-28.500000,-37.000000,-9.875000));
#132=CARTESIAN_POINT('',(-28.500000,-23.000000,-11.125000));
#133=CARTESIAN_POINT('',(-28.500000,-23.000000,-9.875000));
#134=CARTESIAN_POINT('',(-14.500000,-37.000000,-11.125000));
#135=CARTESIAN_POINT('',(-14.500000,-37.000000,-9.875000));
#136=CARTESIAN_POINT('',(-14.500000,-23.000000,-11.125000));
#137=CARTESIAN_POINT('',(-14.500000,-23.000000,-9.875000));
#138=POLY_LOOP('',(#131,#135,#137,#133));
#139=FACE_OUTER_BOUND('',#138,.T.);
#140=CARTESIAN_POINT('',(-21.500000,-30.000000,-9.875000));
#141=DIRECTION('',(0.000000,0.000000,1.000000));
#142=DIRECTION('',(1.000000,0.000000,0.000000));
#143=AXIS2_PLACEMENT_3D('',#140,#141,#142);
#144=PLANE('',#143);
#145=ADVANCED_FACE('',(#139),#144,.T.);
#146=POLY_LOOP('',(#130,#132,#136,#134));
#147=FACE_OUTER_BOUND('',#146,.T.);
#148=CARTESIAN_POINT('',(-21.500000,-30.000000,-11.125000));
#149=DIRECTION('',(0.000000,0.000000,-1.000000));
#150=DIRECTION('',(1.000000,0.000000,0.000000));
#151=AXIS2_PLACEMENT_3D('',#148,#149,#150);
#152=PLANE('',#151);
#153=ADVANCED_FACE('',(#147),#152,.T.);
#154=POLY_LOOP('',(#132,#133,#137,#136));
#155=FACE_OUTER_BOUND('',#154,.T.);
#156=CARTESIAN_POINT('',(-21.500000,-23.000000,-10.500000));
#157=DIRECTION('',(0.000000,1.000000,0.000000));
#158=DIRECTION('',(1.000000,0.000000,0.000000));
#159=AXIS2_PLACEMENT_3D('',#156,#157,#158);
#160=PLANE('',#159);
#161=ADVANCED_FACE('',(#155),#160,.T.);
#162=POLY_LOOP('',(#130,#134,#135,#131));
#163=FACE_OUTER_BOUND('',#162,.T.);
#164=CARTESIAN_POINT('',(-21.500000,-37.000000,-10.500000));
#165=DIRECTION('',(0.000000,-1.000000,0.000000));
#166=DIRECTION('',(1.000000,0.000000,0.000000));
#167=AXIS2_PLACEMENT_3D('',#164,#165,#166);
#168=PLANE('',#167);
#169=ADVANCED_FACE('',(#163),#168,.T.);
#170=POLY_LOOP('',(#134,#136,#137,#135));
#171=FACE_OUTER_BOUND('',#170,.T.);
#172=CARTESIAN_POINT('',(-14.500000,-30.000000,-10.500000));
#173=DIRECTION('',(1.000000,0.000000,0.000000));
#174=DIRECTION('',(0.000000,1.000000,0.000000));
#175=AXIS2_PLACEMENT_3D('',#172,#173,#174);
#176=PLANE('',#175);
#177=ADVANCED_FACE('',(#171),#176,.T.);
#178=POLY_LOOP('',(#130,#131,#133,#132));
#179=FACE_OUTER_BOUND('',#178,.T.);
#180=CARTESIAN_POINT('',(-28.500000,-30.000000,-10.500000));
#181=DIRECTION('',(-1.000000,0.000000,0.000000));
#182=DIRECTION('',(0.000000,1.000000,0.000000));
#183=AXIS2_PLACEMENT_3D('',#180,#181,#182);
#184=PLANE('',#183);
#185=ADVANCED_FACE('',(#179),#184,.T.);
#186=CLOSED_SHELL('',(#145,#153,#161,#169,#177,#185));
#187=MANIFOLD_SOLID_BREP('bcm2711_soc',#186);
#188=CARTESIAN_POINT('',(-37.500000,-58.500000,-11.250000));
#189=CARTESIAN_POINT('',(-37.500000,-58.500000,-10.150000));
#190=CARTESIAN_POINT('',(-37.500000,-46.500000,-11.250000));
#191=CARTESIAN_POINT('',(-37.500000,-46.500000,-10.150000));
#192=CARTESIAN_POINT('',(-25.500000,-58.500000,-11.250000));
#193=CARTESIAN_POINT('',(-25.500000,-58.500000,-10.150000));
#194=CARTESIAN_POINT('',(-25.500000,-46.500000,-11.250000));
#195=CARTESIAN_POINT('',(-25.500000,-46.500000,-10.150000));
#196=POLY_LOOP('',(#189,#193,#195,#191));
#197=FACE_OUTER_BOUND('',#196,.T.);
#198=CARTESIAN_POINT('',(-31.500000,-52.500000,-10.150000));
#199=DIRECTION('',(0.000000,0.000000,1.000000));
#200=DIRECTION('',(1.000000,0.000000,0.000000));
#201=AXIS2_PLACEMENT_3D('',#198,#199,#200);
#202=PLANE('',#201);
#203=ADVANCED_FACE('',(#197),#202,.T.);
#204=POLY_LOOP('',(#188,#190,#194,#192));
#205=FACE_OUTER_BOUND('',#204,.T.);
#206=CARTESIAN_POINT('',(-31.500000,-52.500000,-11.250000));
#207=DIRECTION('',(0.000000,0.000000,-1.000000));
#208=DIRECTION('',(1.000000,0.000000,0.000000));
#209=AXIS2_PLACEMENT_3D('',#206,#207,#208);
#210=PLANE('',#209);
#211=ADVANCED_FACE('',(#205),#210,.T.);
#212=POLY_LOOP('',(#190,#191,#195,#194));
#213=FACE_OUTER_BOUND('',#212,.T.);
#214=CARTESIAN_POINT('',(-31.500000,-46.500000,-10.700000));
#215=DIRECTION('',(0.000000,1.000000,0.000000));
#216=DIRECTION('',(1.000000,0.000000,0.000000));
#217=AXIS2_PLACEMENT_3D('',#214,#215,#216);
#218=PLANE('',#217);
#219=ADVANCED_FACE('',(#213),#218,.T.);
#220=POLY_LOOP('',(#188,#192,#193,#189));
#221=FACE_OUTER_BOUND('',#220,.T.);
#222=CARTESIAN_POINT('',(-31.500000,-58.500000,-10.700000));
#223=DIRECTION('',(0.000000,-1.000000,0.000000));
#224=DIRECTION('',(1.000000,0.000000,0.000000));
#225=AXIS2_PLACEMENT_3D('',#222,#223,#224);
#226=PLANE('',#225);
#227=ADVANCED_FACE('',(#221),#226,.T.);
#228=POLY_LOOP('',(#192,#194,#195,#193));
#229=FACE_OUTER_BOUND('',#228,.T.);
#230=CARTESIAN_POINT('',(-25.500000,-52.500000,-10.700000));
#231=DIRECTION('',(1.000000,0.000000,0.000000));
#232=DIRECTION('',(0.000000,1.000000,0.000000));
#233=AXIS2_PLACEMENT_3D('',#230,#231,#232);
#234=PLANE('',#233);
#235=ADVANCED_FACE('',(#229),#234,.T.);
#236=POLY_LOOP('',(#188,#189,#191,#190));
#237=FACE_OUTER_BOUND('',#236,.T.);
#238=CARTESIAN_POINT('',(-37.500000,-52.500000,-10.700000));
#239=DIRECTION('',(-1.000000,0.000000,0.000000));
#240=DIRECTION('',(0.000000,1.000000,0.000000));
#241=AXIS2_PLACEMENT_3D('',#238,#239,#240);
#242=PLANE('',#241);
#243=ADVANCED_FACE('',(#237),#242,.T.);
#244=CLOSED_SHELL('',(#203,#211,#219,#227,#235,#243));
#245=MANIFOLD_SOLID_BREP('ram_package',#244);
#246=CARTESIAN_POINT('',(-53.000000,-70.000000,-17.100000));
#247=CARTESIAN_POINT('',(-53.000000,-70.000000,-9.100000));
#248=CARTESIAN_POINT('',(-53.000000,-54.000000,-17.100000));
#249=CARTESIAN_POINT('',(-53.000000,-54.000000,-9.100000));
#250=CARTESIAN_POINT('',(-39.000000,-70.000000,-17.100000));
#251=CARTESIAN_POINT('',(-39.000000,-70.000000,-9.100000));
#252=CARTESIAN_POINT('',(-39.000000,-54.000000,-17.100000));
#253=CARTESIAN_POINT('',(-39.000000,-54.000000,-9.100000));
#254=POLY_LOOP('',(#247,#251,#253,#249));
#255=FACE_OUTER_BOUND('',#254,.T.);
#256=CARTESIAN_POINT('',(-46.000000,-62.000000,-9.100000));
#257=DIRECTION('',(0.000000,0.000000,1.000000));
#258=DIRECTION('',(1.000000,0.000000,0.000000));
#259=AXIS2_PLACEMENT_3D('',#256,#257,#258);
#260=PLANE('',#259);
#261=ADVANCED_FACE('',(#255),#260,.T.);
#262=POLY_LOOP('',(#246,#248,#252,#250));
#263=FACE_OUTER_BOUND('',#262,.T.);
#264=CARTESIAN_POINT('',(-46.000000,-62.000000,-17.100000));
#265=DIRECTION('',(0.000000,0.000000,-1.000000));
#266=DIRECTION('',(1.000000,0.000000,0.000000));
#267=AXIS2_PLACEMENT_3D('',#264,#265,#266);
#268=PLANE('',#267);
#269=ADVANCED_FACE('',(#263),#268,.T.);
#270=POLY_LOOP('',(#248,#249,#253,#252));
#271=FACE_OUTER_BOUND('',#270,.T.);
#272=CARTESIAN_POINT('',(-46.000000,-54.000000,-13.100000));
#273=DIRECTION('',(0.000000,1.000000,0.000000));
#274=DIRECTION('',(1.000000,0.000000,0.000000));
#275=AXIS2_PLACEMENT_3D('',#272,#273,#274);
#276=PLANE('',#275);
#277=ADVANCED_FACE('',(#271),#276,.T.);
#278=POLY_LOOP('',(#246,#250,#251,#247));
#279=FACE_OUTER_BOUND('',#278,.T.);
#280=CARTESIAN_POINT('',(-46.000000,-70.000000,-13.100000));
#281=DIRECTION('',(0.000000,-1.000000,0.000000));
#282=DIRECTION('',(1.000000,0.000000,0.000000));
#283=AXIS2_PLACEMENT_3D('',#280,#281,#282);
#284=PLANE('',#283);
#285=ADVANCED_FACE('',(#279),#284,.T.);
#286=POLY_LOOP('',(#250,#252,#253,#251));
#287=FACE_OUTER_BOUND('',#286,.T.);
#288=CARTESIAN_POINT('',(-39.000000,-62.000000,-13.100000));
#289=DIRECTION('',(1.000000,0.000000,0.000000));
#290=DIRECTION('',(0.000000,1.000000,0.000000));
#291=AXIS2_PLACEMENT_3D('',#288,#289,#290);
#292=PLANE('',#291);
#293=ADVANCED_FACE('',(#287),#292,.T.);
#294=POLY_LOOP('',(#246,#247,#249,#248));
#295=FACE_OUTER_BOUND('',#294,.T.);
#296=CARTESIAN_POINT('',(-53.000000,-62.000000,-13.100000));
#297=DIRECTION('',(-1.000000,0.000000,0.000000));
#298=DIRECTION('',(0.000000,1.000000,0.000000));
#299=AXIS2_PLACEMENT_3D('',#296,#297,#298);
#300=PLANE('',#299);
#301=ADVANCED_FACE('',(#295),#300,.T.);
#302=CLOSED_SHELL('',(#261,#269,#277,#285,#293,#301));
#303=MANIFOLD_SOLID_BREP('usb_stack_a',#302);
#304=CARTESIAN_POINT('',(-53.000000,-48.000000,-17.100000));
#305=CARTESIAN_POINT('',(-53.000000,-48.000000,-9.100000));
#306=CARTESIAN_POINT('',(-53.000000,-32.000000,-17.100000));
#307=CARTESIAN_POINT('',(-53.000000,-32.000000,-9.100000));
#308=CARTESIAN_POINT('',(-39.000000,-48.000000,-17.100000));
#309=CARTESIAN_POINT('',(-39.000000,-48.000000,-9.100000));
#310=CARTESIAN_POINT('',(-39.000000,-32.000000,-17.100000));
#311=CARTESIAN_POINT('',(-39.000000,-32.000000,-9.100000));
#312=POLY_LOOP('',(#305,#309,#311,#307));
#313=FACE_OUTER_BOUND('',#312,.T.);
#314=CARTESIAN_POINT('',(-46.000000,-40.000000,-9.100000));
#315=DIRECTION('',(0.000000,0.000000,1.000000));
#316=DIRECTION('',(1.000000,0.000000,0.000000));
#317=AXIS2_PLACEMENT_3D('',#314,#315,#316);
#318=PLANE('',#317);
#319=ADVANCED_FACE('',(#313),#318,.T.);
#320=POLY_LOOP('',(#304,#306,#310,#308));
#321=FACE_OUTER_BOUND('',#320,.T.);
#322=CARTESIAN_POINT('',(-46.000000,-40.000000,-17.100000));
#323=DIRECTION('',(0.000000,0.000000,-1.000000));
#324=DIRECTION('',(1.000000,0.000000,0.000000));
#325=AXIS2_PLACEMENT_3D('',#322,#323,#324);
#326=PLANE('',#325);
#327=ADVANCED_FACE('',(#321),#326,.T.);
#328=POLY_LOOP('',(#306,#307,#311,#310));
#329=FACE_OUTER_BOUND('',#328,.T.);
#330=CARTESIAN_POINT('',(-46.000000,-32.000000,-13.100000));
#331=DIRECTION('',(0.000000,1.000000,0.000000));
#332=DIRECTION('',(1.000000,0.000000,0.000000));
#333=AXIS2_PLACEMENT_3D('',#330,#331,#332);
#334=PLANE('',#333);
#335=ADVANCED_FACE('',(#329),#334,.T.);
#336=POLY_LOOP('',(#304,#308,#309,#305));
#337=FACE_OUTER_BOUND('',#336,.T.);
#338=CARTESIAN_POINT('',(-46.000000,-48.000000,-13.100000));
#339=DIRECTION('',(0.000000,-1.000000,0.000000));
#340=DIRECTION('',(1.000000,0.000000,0.000000));
#341=AXIS2_PLACEMENT_3D('',#338,#339,#340);
#342=PLANE('',#341);
#343=ADVANCED_FACE('',(#337),#342,.T.);
#344=POLY_LOOP('',(#308,#310,#311,#309));
#345=FACE_OUTER_BOUND('',#344,.T.);
#346=CARTESIAN_POINT('',(-39.000000,-40.000000,-13.100000));
#347=DIRECTION('',(1.000000,0.000000,0.000000));
#348=DIRECTION('',(0.000000,1.000000,0.000000));
#349=AXIS2_PLACEMENT_3D('',#346,#347,#348);
#350=PLANE('',#349);
#351=ADVANCED_FACE('',(#345),#350,.T.);
#352=POLY_LOOP('',(#304,#305,#307,#306));
#353=FACE_OUTER_BOUND('',#352,.T.);
#354=CARTESIAN_POINT('',(-53.000000,-40.000000,-13.100000));
#355=DIRECTION('',(-1.000000,0.000000,0.000000));
#356=DIRECTION('',(0.000000,1.000000,0.000000));
#357=AXIS2_PLACEMENT_3D('',#354,#355,#356);
#358=PLANE('',#357);
#359=ADVANCED_FACE('',(#353),#358,.T.);
#360=CLOSED_SHELL('',(#319,#327,#335,#343,#351,#359));
#361=MANIFOLD_SOLID_BREP('usb_stack_b',#360);
#362=CARTESIAN_POINT('',(-53.000000,-27.500000,-19.200000));
#363=CARTESIAN_POINT('',(-53.000000,-27.500000,-9.200000));
#364=CARTESIAN_POINT('',(-53.000000,-6.500000,-19.200000));
#365=CARTESIAN_POINT('',(-53.000000,-6.500000,-9.200000));
#366=CARTESIAN_POINT('',(-37.000000,-27.500000,-19.200000));
#367=CARTESIAN_POINT('',(-37.000000,-27.500000,-9.200000));
#368=CARTESIAN_POINT('',(-37.000000,-6.500000,-19.200000));
#369=CARTESIAN_POINT('',(-37.000000,-6.500000,-9.200000));
#370=POLY_LOOP('',(#363,#367,#369,#365));
#371=FACE_OUTER_BOUND('',#370,.T.);
#372=CARTESIAN_POINT('',(-45.000000,-17.000000,-9.200000));
#373=DIRECTION('',(0.000000,0.000000,1.000000));
#374=DIRECTION('',(1.000000,0.000000,0.000000));
#375=AXIS2_PLACEMENT_3D('',#372,#373,#374);
#376=PLANE('',#375);
#377=ADVANCED_FACE('',(#371),#376,.T.);
#378=POLY_LOOP('',(#362,#364,#368,#366));
#379=FACE_OUTER_BOUND('',#378,.T.);
#380=CARTESIAN_POINT('',(-45.000000,-17.000000,-19.200000));
#381=DIRECTION('',(0.000000,0.000000,-1.000000));
#382=DIRECTION('',(1.000000,0.000000,0.000000));
#383=AXIS2_PLACEMENT_3D('',#380,#381,#382);
#384=PLANE('',#383);
#385=ADVANCED_FACE('',(#379),#384,.T.);
#386=POLY_LOOP('',(#364,#365,#369,#368));
#387=FACE_OUTER_BOUND('',#386,.T.);
#388=CARTESIAN_POINT('',(-45.000000,-6.500000,-14.200000));
#389=DIRECTION('',(0.000000,1.000000,0.000000));
#390=DIRECTION('',(1.000000,0.000000,0.000000));
#391=AXIS2_PLACEMENT_3D('',#388,#389,#390);
#392=PLANE('',#391);
#393=ADVANCED_FACE('',(#387),#392,.T.);
#394=POLY_LOOP('',(#362,#366,#367,#363));
#395=FACE_OUTER_BOUND('',#394,.T.);
#396=CARTESIAN_POINT('',(-45.000000,-27.500000,-14.200000));
#397=DIRECTION('',(0.000000,-1.000000,0.000000));
#398=DIRECTION('',(1.000000,0.000000,0.000000));
#399=AXIS2_PLACEMENT_3D('',#396,#397,#398);
#400=PLANE('',#399);
#401=ADVANCED_FACE('',(#395),#400,.T.);
#402=POLY_LOOP('',(#366,#368,#369,#367));
#403=FACE_OUTER_BOUND('',#402,.T.);
#404=CARTESIAN_POINT('',(-37.000000,-17.000000,-14.200000));
#405=DIRECTION('',(1.000000,0.000000,0.000000));
#406=DIRECTION('',(0.000000,1.000000,0.000000));
#407=AXIS2_PLACEMENT_3D('',#404,#405,#406);
#408=PLANE('',#407);
#409=ADVANCED_FACE('',(#403),#408,.T.);
#410=POLY_LOOP('',(#362,#363,#365,#364));
#411=FACE_OUTER_BOUND('',#410,.T.);
#412=CARTESIAN_POINT('',(-53.000000,-17.000000,-14.200000));
#413=DIRECTION('',(-1.000000,0.000000,0.000000));
#414=DIRECTION('',(0.000000,1.000000,0.000000));
#415=AXIS2_PLACEMENT_3D('',#412,#413,#414);
#416=PLANE('',#415);
#417=ADVANCED_FACE('',(#411),#416,.T.);
#418=CLOSED_SHELL('',(#377,#385,#393,#401,#409,#417));
#419=MANIFOLD_SOLID_BREP('ethernet',#418);
#420=CARTESIAN_POINT('',(-13.500000,-46.000000,-11.300000));
#421=CARTESIAN_POINT('',(-13.500000,-46.000000,-10.100000));
#422=CARTESIAN_POINT('',(-13.500000,-30.000000,-11.300000));
#423=CARTESIAN_POINT('',(-13.500000,-30.000000,-10.100000));
#424=CARTESIAN_POINT('',(-10.500000,-46.000000,-11.300000));
#425=CARTESIAN_POINT('',(-10.500000,-46.000000,-10.100000));
#426=CARTESIAN_POINT('',(-10.500000,-30.000000,-11.300000));
#427=CARTESIAN_POINT('',(-10.500000,-30.000000,-10.100000));
#428=POLY_LOOP('',(#421,#425,#427,#423));
#429=FACE_OUTER_BOUND('',#428,.T.);
#430=CARTESIAN_POINT('',(-12.000000,-38.000000,-10.100000));
#431=DIRECTION('',(0.000000,0.000000,1.000000));
#432=DIRECTION('',(1.000000,0.000000,0.000000));
#433=AXIS2_PLACEMENT_3D('',#430,#431,#432);
#434=PLANE('',#433);
#435=ADVANCED_FACE('',(#429),#434,.T.);
#436=POLY_LOOP('',(#420,#422,#426,#424));
#437=FACE_OUTER_BOUND('',#436,.T.);
#438=CARTESIAN_POINT('',(-12.000000,-38.000000,-11.300000));
#439=DIRECTION('',(0.000000,0.000000,-1.000000));
#440=DIRECTION('',(1.000000,0.000000,0.000000));
#441=AXIS2_PLACEMENT_3D('',#438,#439,#440);
#442=PLANE('',#441);
#443=ADVANCED_FACE('',(#437),#442,.T.);
#444=POLY_LOOP('',(#422,#423,#427,#426));
#445=FACE_OUTER_BOUND('',#444,.T.);
#446=CARTESIAN_POINT('',(-12.000000,-30.000000,-10.700000));
#447=DIRECTION('',(0.000000,1.000000,0.000000));
#448=DIRECTION('',(1.000000,0.000000,0.000000));
#449=AXIS2_PLACEMENT_3D('',#446,#447,#448);
#450=PLANE('',#449);
#451=ADVANCED_FACE('',(#445),#450,.T.);
#452=POLY_LOOP('',(#420,#424,#425,#421));
#453=FACE_OUTER_BOUND('',#452,.T.);
#454=CARTESIAN_POINT('',(-12.000000,-46.000000,-10.700000));
#455=DIRECTION('',(0.000000,-1.000000,0.000000));
#456=DIRECTION('',(1.000000,0.000000,0.000000));
#457=AXIS2_PLACEMENT_3D('',#454,#455,#456);
#458=PLANE('',#457);
#459=ADVANCED_FACE('',(#453),#458,.T.);
#460=POLY_LOOP('',(#424,#426,#427,#425));
#461=FACE_OUTER_BOUND('',#460,.T.);
#462=CARTESIAN_POINT('',(-10.500000,-38.000000,-10.700000));
#463=DIRECTION('',(1.000000,0.000000,0.000000));
#464=DIRECTION('',(0.000000,1.000000,0.000000));
#465=AXIS2_PLACEMENT_3D('',#462,#463,#464);
#466=PLANE('',#465);
#467=ADVANCED_FACE('',(#461),#466,.T.);
#468=POLY_LOOP('',(#420,#421,#423,#422));
#469=FACE_OUTER_BOUND('',#468,.T.);
#470=CARTESIAN_POINT('',(-13.500000,-38.000000,-10.700000));
#471=DIRECTION('',(-1.000000,0.000000,0.000000));
#472=DIRECTION('',(0.000000,1.000000,0.000000));
#473=AXIS2_PLACEMENT_3D('',#470,#471,#472);
#474=PLANE('',#473);
#475=ADVANCED_FACE('',(#469),#474,.T.);
#476=CLOSED_SHELL('',(#435,#443,#451,#459,#467,#475));
#477=MANIFOLD_SOLID_BREP('camera_csi',#476);
#478=CARTESIAN_POINT('',(-0.320000,-0.320000,-8.000000));
#479=CARTESIAN_POINT('',(-0.320000,-0.320000,0.000000));
#480=CARTESIAN_POINT('',(-0.320000,0.320000,-8.000000));
#481=CARTESIAN_POINT('',(-0.320000,0.320000,0.000000));
#482=CARTESIAN_POINT('',(0.320000,-0.320000,-8.000000));
#483=CARTESIAN_POINT('',(0.320000,-0.320000,0.000000));
#484=CARTESIAN_POINT('',(0.320000,0.320000,-8.000000));
#485=CARTESIAN_POINT('',(0.320000,0.320000,0.000000));
#486=POLY_LOOP('',(#479,#483,#485,#481));
#487=FACE_OUTER_BOUND('',#486,.T.);
#488=CARTESIAN_POINT('',(0.000000,0.000000,0.000000));
#489=DIRECTION('',(0.000000,0.000000,1.000000));
#490=DIRECTION('',(1.000000,0.000000,0.000000));
#491=AXIS2_PLACEMENT_3D('',#488,#489,#490);
#492=PLANE('',#491);
#493=ADVANCED_FACE('',(#487),#492,.T.);
#494=POLY_LOOP('',(#478,#480,#484,#482));
#495=FACE_OUTER_BOUND('',#494,.T.);
#496=CARTESIAN_POINT('',(0.000000,0.000000,-8.000000));
#497=DIRECTION('',(0.000000,0.000000,-1.000000));
#498=DIRECTION('',(1.000000,0.000000,0.000000));
#499=AXIS2_PLACEMENT_3D('',#496,#497,#498);
#500=PLANE('',#499);
#501=ADVANCED_FACE('',(#495),#500,.T.);
#502=POLY_LOOP('',(#480,#481,#485,#484));
#503=FACE_OUTER_BOUND('',#502,.T.);
#504=CARTESIAN_POINT('',(0.000000,0.320000,-4.000000));
#505=DIRECTION('',(0.000000,1.000000,0.000000));
#506=DIRECTION('',(1.000000,0.000000,0.000000));
#507=AXIS2_PLACEMENT_3D('',#504,#505,#506);
#508=PLANE('',#507);
#509=ADVANCED_FACE('',(#503),#508,.T.);
#510=POLY_LOOP('',(#478,#482,#483,#479));
#511=FACE_OUTER_BOUND('',#510,.T.);
#512=CARTESIAN_POINT('',(0.000000,-0.320000,-4.000000));
#513=DIRECTION('',(0.000000,-1.000000,0.000000));
#514=DIRECTION('',(1.000000,0.000000,0.000000));
#515=AXIS2_PLACEMENT_3D('',#512,#513,#514);
#516=PLANE('',#515);
#517=ADVANCED_FACE('',(#511),#516,.T.);
#518=POLY_LOOP('',(#482,#484,#485,#483));
#519=FACE_OUTER_BOUND('',#518,.T.);
#520=CARTESIAN_POINT('',(0.320000,0.000000,-4.000000));
#521=DIRECTION('',(1.000000,0.000000,0.000000));
#522=DIRECTION('',(0.000000,1.000000,0.000000));
#523=AXIS2_PLACEMENT_3D('',#520,#521,#522);
#524=PLANE('',#523);
#525=ADVANCED_FACE('',(#519),#524,.T.);
#526=POLY_LOOP('',(#478,#479,#481,#480));
#527=FACE_OUTER_BOUND('',#526,.T.);
#528=CARTESIAN_POINT('',(-0.320000,0.000000,-4.000000));
#529=DIRECTION('',(-1.000000,0.000000,0.000000));
#530=DIRECTION('',(0.000000,1.000000,0.000000));
#531=AXIS2_PLACEMENT_3D('',#528,#529,#530);
#532=PLANE('',#531);
#533=ADVANCED_FACE('',(#527),#532,.T.);
#534=CLOSED_SHELL('',(#493,#501,#509,#517,#525,#533));
#535=MANIFOLD_SOLID_BREP('gpio_pin_l_0',#534);
#536=CARTESIAN_POINT('',(-0.320000,-2.860000,-8.000000));
#537=CARTESIAN_POINT('',(-0.320000,-2.860000,0.000000));
#538=CARTESIAN_POINT('',(-0.320000,-2.220000,-8.000000));
#539=CARTESIAN_POINT('',(-0.320000,-2.220000,0.000000));
#540=CARTESIAN_POINT('',(0.320000,-2.860000,-8.000000));
#541=CARTESIAN_POINT('',(0.320000,-2.860000,0.000000));
#542=CARTESIAN_POINT('',(0.320000,-2.220000,-8.000000));
#543=CARTESIAN_POINT('',(0.320000,-2.220000,0.000000));
#544=POLY_LOOP('',(#537,#541,#543,#539));
#545=FACE_OUTER_BOUND('',#544,.T.);
#546=CARTESIAN_POINT('',(0.000000,-2.540000,0.000000));
#547=DIRECTION('',(0.000000,0.000000,1.000000));
#548=DIRECTION('',(1.000000,0.000000,0.000000));
#549=AXIS2_PLACEMENT_3D('',#546,#547,#548);
#550=PLANE('',#549);
#551=ADVANCED_FACE('',(#545),#550,.T.);
#552=POLY_LOOP('',(#536,#538,#542,#540));
#553=FACE_OUTER_BOUND('',#552,.T.);
#554=CARTESIAN_POINT('',(0.000000,-2.540000,-8.000000));
#555=DIRECTION('',(0.000000,0.000000,-1.000000));
#556=DIRECTION('',(1.000000,0.000000,0.000000));
#557=AXIS2_PLACEMENT_3D('',#554,#555,#556);
#558=PLANE('',#557);
#559=ADVANCED_FACE('',(#553),#558,.T.);
#560=POLY_LOOP('',(#538,#539,#543,#542));
#561=FACE_OUTER_BOUND('',#560,.T.);
#562=CARTESIAN_POINT('',(0.000000,-2.220000,-4.000000));
#563=DIRECTION('',(0.000000,1.000000,0.000000));
#564=DIRECTION('',(1.000000,0.000000,0.000000));
#565=AXIS2_PLACEMENT_3D('',#562,#563,#564);
#566=PLANE('',#565);
#567=ADVANCED_FACE('',(#561),#566,.T.);
#568=POLY_LOOP('',(#536,#540,#541,#537));
#569=FACE_OUTER_BOUND('',#568,.T.);
#570=CARTESIAN_POINT('',(0.000000,-2.860000,-4.000000));
#571=DIRECTION('',(0.000000,-1.000000,0.000000));
#572=DIRECTION('',(1.000000,0.000000,0.000000));
#573=AXIS2_PLACEMENT_3D('',#570,#571,#572);
#574=PLANE('',#573);
#575=ADVANCED_FACE('',(#569),#574,.T.);
#576=POLY_LOOP('',(#540,#542,#543,#541));
#577=FACE_OUTER_BOUND('',#576,.T.);
#578=CARTESIAN_POINT('',(0.320000,-2.540000,-4.000000));
#579=DIRECTION('',(1.000000,0.000000,0.000000));
#580=DIRECTION('',(0.000000,1.000000,0.000000));
#581=AXIS2_PLACEMENT_3D('',#578,#579,#580);
#582=PLANE('',#581);
#583=ADVANCED_FACE('',(#577),#582,.T.);
#584=POLY_LOOP('',(#536,#537,#539,#538));
#585=FACE_OUTER_BOUND('',#584,.T.);
#586=CARTESIAN_POINT('',(-0.320000,-2.540000,-4.000000));
#587=DIRECTION('',(-1.000000,0.000000,0.000000));
#588=DIRECTION('',(0.000000,1.000000,0.000000));
#589=AXIS2_PLACEMENT_3D('',#586,#587,#588);
#590=PLANE('',#589);
#591=ADVANCED_FACE('',(#585),#590,.T.);
#592=CLOSED_SHELL('',(#551,#559,#567,#575,#583,#591));
#593=MANIFOLD_SOLID_BREP('gpio_pin_l_1',#592);
#594=CARTESIAN_POINT('',(-0.320000,-5.400000,-8.000000));
#595=CARTESIAN_POINT('',(-0.320000,-5.400000,0.000000));
#596=CARTESIAN_POINT('',(-0.320000,-4.760000,-8.000000));
#597=CARTESIAN_POINT('',(-0.320000,-4.760000,0.000000));
#598=CARTESIAN_POINT('',(0.320000,-5.400000,-8.000000));
#599=CARTESIAN_POINT('',(0.320000,-5.400000,0.000000));
#600=CARTESIAN_POINT('',(0.320000,-4.760000,-8.000000));
#601=CARTESIAN_POINT('',(0.320000,-4.760000,0.000000));
#602=POLY_LOOP('',(#595,#599,#601,#597));
#603=FACE_OUTER_BOUND('',#602,.T.);
#604=CARTESIAN_POINT('',(0.000000,-5.080000,0.000000));
#605=DIRECTION('',(0.000000,0.000000,1.000000));
#606=DIRECTION('',(1.000000,0.000000,0.000000));
#607=AXIS2_PLACEMENT_3D('',#604,#605,#606);
#608=PLANE('',#607);
#609=ADVANCED_FACE('',(#603),#608,.T.);
#610=POLY_LOOP('',(#594,#596,#600,#598));
#611=FACE_OUTER_BOUND('',#610,.T.);
#612=CARTESIAN_POINT('',(0.000000,-5.080000,-8.000000));
#613=DIRECTION('',(0.000000,0.000000,-1.000000));
#614=DIRECTION('',(1.000000,0.000000,0.000000));
#615=AXIS2_PLACEMENT_3D('',#612,#613,#614);
#616=PLANE('',#615);
#617=ADVANCED_FACE('',(#611),#616,.T.);
#618=POLY_LOOP('',(#596,#597,#601,#600));
#619=FACE_OUTER_BOUND('',#618,.T.);
#620=CARTESIAN_POINT('',(0.000000,-4.760000,-4.000000));
#621=DIRECTION('',(0.000000,1.000000,0.000000));
#622=DIRECTION('',(1.000000,0.000000,0.000000));
#623=AXIS2_PLACEMENT_3D('',#620,#621,#622);
#624=PLANE('',#623);
#625=ADVANCED_FACE('',(#619),#624,.T.);
#626=POLY_LOOP('',(#594,#598,#599,#595));
#627=FACE_OUTER_BOUND('',#626,.T.);
#628=CARTESIAN_POINT('',(0.000000,-5.400000,-4.000000));
#629=DIRECTION('',(0.000000,-1.000000,0.000000));
#630=DIRECTION('',(1.000000,0.000000,0.000000));
#631=AXIS2_PLACEMENT_3D('',#628,#629,#630);
#632=PLANE('',#631);
#633=ADVANCED_FACE('',(#627),#632,.T.);
#634=POLY_LOOP('',(#598,#600,#601,#599));
#635=FACE_OUTER_BOUND('',#634,.T.);
#636=CARTESIAN_POINT('',(0.320000,-5.080000,-4.000000));
#637=DIRECTION('',(1.000000,0.000000,0.000000));
#638=DIRECTION('',(0.000000,1.000000,0.000000));
#639=AXIS2_PLACEMENT_3D('',#636,#637,#638);
#640=PLANE('',#639);
#641=ADVANCED_FACE('',(#635),#640,.T.);
#642=POLY_LOOP('',(#594,#595,#597,#596));
#643=FACE_OUTER_BOUND('',#642,.T.);
#644=CARTESIAN_POINT('',(-0.320000,-5.080000,-4.000000));
#645=DIRECTION('',(-1.000000,0.000000,0.000000));
#646=DIRECTION('',(0.000000,1.000000,0.000000));
#647=AXIS2_PLACEMENT_3D('',#644,#645,#646);
#648=PLANE('',#647);
#649=ADVANCED_FACE('',(#643),#648,.T.);
#650=CLOSED_SHELL('',(#609,#617,#625,#633,#641,#649));
#651=MANIFOLD_SOLID_BREP('gpio_pin_l_2',#650);
#652=CARTESIAN_POINT('',(-0.320000,-7.940000,-8.000000));
#653=CARTESIAN_POINT('',(-0.320000,-7.940000,0.000000));
#654=CARTESIAN_POINT('',(-0.320000,-7.300000,-8.000000));
#655=CARTESIAN_POINT('',(-0.320000,-7.300000,0.000000));
#656=CARTESIAN_POINT('',(0.320000,-7.940000,-8.000000));
#657=CARTESIAN_POINT('',(0.320000,-7.940000,0.000000));
#658=CARTESIAN_POINT('',(0.320000,-7.300000,-8.000000));
#659=CARTESIAN_POINT('',(0.320000,-7.300000,0.000000));
#660=POLY_LOOP('',(#653,#657,#659,#655));
#661=FACE_OUTER_BOUND('',#660,.T.);
#662=CARTESIAN_POINT('',(0.000000,-7.620000,0.000000));
#663=DIRECTION('',(0.000000,0.000000,1.000000));
#664=DIRECTION('',(1.000000,0.000000,0.000000));
#665=AXIS2_PLACEMENT_3D('',#662,#663,#664);
#666=PLANE('',#665);
#667=ADVANCED_FACE('',(#661),#666,.T.);
#668=POLY_LOOP('',(#652,#654,#658,#656));
#669=FACE_OUTER_BOUND('',#668,.T.);
#670=CARTESIAN_POINT('',(0.000000,-7.620000,-8.000000));
#671=DIRECTION('',(0.000000,0.000000,-1.000000));
#672=DIRECTION('',(1.000000,0.000000,0.000000));
#673=AXIS2_PLACEMENT_3D('',#670,#671,#672);
#674=PLANE('',#673);
#675=ADVANCED_FACE('',(#669),#674,.T.);
#676=POLY_LOOP('',(#654,#655,#659,#658));
#677=FACE_OUTER_BOUND('',#676,.T.);
#678=CARTESIAN_POINT('',(0.000000,-7.300000,-4.000000));
#679=DIRECTION('',(0.000000,1.000000,0.000000));
#680=DIRECTION('',(1.000000,0.000000,0.000000));
#681=AXIS2_PLACEMENT_3D('',#678,#679,#680);
#682=PLANE('',#681);
#683=ADVANCED_FACE('',(#677),#682,.T.);
#684=POLY_LOOP('',(#652,#656,#657,#653));
#685=FACE_OUTER_BOUND('',#684,.T.);
#686=CARTESIAN_POINT('',(0.000000,-7.940000,-4.000000));
#687=DIRECTION('',(0.000000,-1.000000,0.000000));
#688=DIRECTION('',(1.000000,0.000000,0.000000));
#689=AXIS2_PLACEMENT_3D('',#686,#687,#688);
#690=PLANE('',#689);
#691=ADVANCED_FACE('',(#685),#690,.T.);
#692=POLY_LOOP('',(#656,#658,#659,#657));
#693=FACE_OUTER_BOUND('',#692,.T.);
#694=CARTESIAN_POINT('',(0.320000,-7.620000,-4.000000));
#695=DIRECTION('',(1.000000,0.000000,0.000000));
#696=DIRECTION('',(0.000000,1.000000,0.000000));
#697=AXIS2_PLACEMENT_3D('',#694,#695,#696);
#698=PLANE('',#697);
#699=ADVANCED_FACE('',(#693),#698,.T.);
#700=POLY_LOOP('',(#652,#653,#655,#654));
#701=FACE_OUTER_BOUND('',#700,.T.);
#702=CARTESIAN_POINT('',(-0.320000,-7.620000,-4.000000));
#703=DIRECTION('',(-1.000000,0.000000,0.000000));
#704=DIRECTION('',(0.000000,1.000000,0.000000));
#705=AXIS2_PLACEMENT_3D('',#702,#703,#704);
#706=PLANE('',#705);
#707=ADVANCED_FACE('',(#701),#706,.T.);
#708=CLOSED_SHELL('',(#667,#675,#683,#691,#699,#707));
#709=MANIFOLD_SOLID_BREP('gpio_pin_l_3',#708);
#710=CARTESIAN_POINT('',(-0.320000,-10.480000,-8.000000));
#711=CARTESIAN_POINT('',(-0.320000,-10.480000,0.000000));
#712=CARTESIAN_POINT('',(-0.320000,-9.840000,-8.000000));
#713=CARTESIAN_POINT('',(-0.320000,-9.840000,0.000000));
#714=CARTESIAN_POINT('',(0.320000,-10.480000,-8.000000));
#715=CARTESIAN_POINT('',(0.320000,-10.480000,0.000000));
#716=CARTESIAN_POINT('',(0.320000,-9.840000,-8.000000));
#717=CARTESIAN_POINT('',(0.320000,-9.840000,0.000000));
#718=POLY_LOOP('',(#711,#715,#717,#713));
#719=FACE_OUTER_BOUND('',#718,.T.);
#720=CARTESIAN_POINT('',(0.000000,-10.160000,0.000000));
#721=DIRECTION('',(0.000000,0.000000,1.000000));
#722=DIRECTION('',(1.000000,0.000000,0.000000));
#723=AXIS2_PLACEMENT_3D('',#720,#721,#722);
#724=PLANE('',#723);
#725=ADVANCED_FACE('',(#719),#724,.T.);
#726=POLY_LOOP('',(#710,#712,#716,#714));
#727=FACE_OUTER_BOUND('',#726,.T.);
#728=CARTESIAN_POINT('',(0.000000,-10.160000,-8.000000));
#729=DIRECTION('',(0.000000,0.000000,-1.000000));
#730=DIRECTION('',(1.000000,0.000000,0.000000));
#731=AXIS2_PLACEMENT_3D('',#728,#729,#730);
#732=PLANE('',#731);
#733=ADVANCED_FACE('',(#727),#732,.T.);
#734=POLY_LOOP('',(#712,#713,#717,#716));
#735=FACE_OUTER_BOUND('',#734,.T.);
#736=CARTESIAN_POINT('',(0.000000,-9.840000,-4.000000));
#737=DIRECTION('',(0.000000,1.000000,0.000000));
#738=DIRECTION('',(1.000000,0.000000,0.000000));
#739=AXIS2_PLACEMENT_3D('',#736,#737,#738);
#740=PLANE('',#739);
#741=ADVANCED_FACE('',(#735),#740,.T.);
#742=POLY_LOOP('',(#710,#714,#715,#711));
#743=FACE_OUTER_BOUND('',#742,.T.);
#744=CARTESIAN_POINT('',(0.000000,-10.480000,-4.000000));
#745=DIRECTION('',(0.000000,-1.000000,0.000000));
#746=DIRECTION('',(1.000000,0.000000,0.000000));
#747=AXIS2_PLACEMENT_3D('',#744,#745,#746);
#748=PLANE('',#747);
#749=ADVANCED_FACE('',(#743),#748,.T.);
#750=POLY_LOOP('',(#714,#716,#717,#715));
#751=FACE_OUTER_BOUND('',#750,.T.);
#752=CARTESIAN_POINT('',(0.320000,-10.160000,-4.000000));
#753=DIRECTION('',(1.000000,0.000000,0.000000));
#754=DIRECTION('',(0.000000,1.000000,0.000000));
#755=AXIS2_PLACEMENT_3D('',#752,#753,#754);
#756=PLANE('',#755);
#757=ADVANCED_FACE('',(#751),#756,.T.);
#758=POLY_LOOP('',(#710,#711,#713,#712));
#759=FACE_OUTER_BOUND('',#758,.T.);
#760=CARTESIAN_POINT('',(-0.320000,-10.160000,-4.000000));
#761=DIRECTION('',(-1.000000,0.000000,0.000000));
#762=DIRECTION('',(0.000000,1.000000,0.000000));
#763=AXIS2_PLACEMENT_3D('',#760,#761,#762);
#764=PLANE('',#763);
#765=ADVANCED_FACE('',(#759),#764,.T.);
#766=CLOSED_SHELL('',(#725,#733,#741,#749,#757,#765));
#767=MANIFOLD_SOLID_BREP('gpio_pin_l_4',#766);
#768=CARTESIAN_POINT('',(-0.320000,-13.020000,-8.000000));
#769=CARTESIAN_POINT('',(-0.320000,-13.020000,0.000000));
#770=CARTESIAN_POINT('',(-0.320000,-12.380000,-8.000000));
#771=CARTESIAN_POINT('',(-0.320000,-12.380000,0.000000));
#772=CARTESIAN_POINT('',(0.320000,-13.020000,-8.000000));
#773=CARTESIAN_POINT('',(0.320000,-13.020000,0.000000));
#774=CARTESIAN_POINT('',(0.320000,-12.380000,-8.000000));
#775=CARTESIAN_POINT('',(0.320000,-12.380000,0.000000));
#776=POLY_LOOP('',(#769,#773,#775,#771));
#777=FACE_OUTER_BOUND('',#776,.T.);
#778=CARTESIAN_POINT('',(0.000000,-12.700000,0.000000));
#779=DIRECTION('',(0.000000,0.000000,1.000000));
#780=DIRECTION('',(1.000000,0.000000,0.000000));
#781=AXIS2_PLACEMENT_3D('',#778,#779,#780);
#782=PLANE('',#781);
#783=ADVANCED_FACE('',(#777),#782,.T.);
#784=POLY_LOOP('',(#768,#770,#774,#772));
#785=FACE_OUTER_BOUND('',#784,.T.);
#786=CARTESIAN_POINT('',(0.000000,-12.700000,-8.000000));
#787=DIRECTION('',(0.000000,0.000000,-1.000000));
#788=DIRECTION('',(1.000000,0.000000,0.000000));
#789=AXIS2_PLACEMENT_3D('',#786,#787,#788);
#790=PLANE('',#789);
#791=ADVANCED_FACE('',(#785),#790,.T.);
#792=POLY_LOOP('',(#770,#771,#775,#774));
#793=FACE_OUTER_BOUND('',#792,.T.);
#794=CARTESIAN_POINT('',(0.000000,-12.380000,-4.000000));
#795=DIRECTION('',(0.000000,1.000000,0.000000));
#796=DIRECTION('',(1.000000,0.000000,0.000000));
#797=AXIS2_PLACEMENT_3D('',#794,#795,#796);
#798=PLANE('',#797);
#799=ADVANCED_FACE('',(#793),#798,.T.);
#800=POLY_LOOP('',(#768,#772,#773,#769));
#801=FACE_OUTER_BOUND('',#800,.T.);
#802=CARTESIAN_POINT('',(0.000000,-13.020000,-4.000000));
#803=DIRECTION('',(0.000000,-1.000000,0.000000));
#804=DIRECTION('',(1.000000,0.000000,0.000000));
#805=AXIS2_PLACEMENT_3D('',#802,#803,#804);
#806=PLANE('',#805);
#807=ADVANCED_FACE('',(#801),#806,.T.);
#808=POLY_LOOP('',(#772,#774,#775,#773));
#809=FACE_OUTER_BOUND('',#808,.T.);
#810=CARTESIAN_POINT('',(0.320000,-12.700000,-4.000000));
#811=DIRECTION('',(1.000000,0.000000,0.000000));
#812=DIRECTION('',(0.000000,1.000000,0.000000));
#813=AXIS2_PLACEMENT_3D('',#810,#811,#812);
#814=PLANE('',#813);
#815=ADVANCED_FACE('',(#809),#814,.T.);
#816=POLY_LOOP('',(#768,#769,#771,#770));
#817=FACE_OUTER_BOUND('',#816,.T.);
#818=CARTESIAN_POINT('',(-0.320000,-12.700000,-4.000000));
#819=DIRECTION('',(-1.000000,0.000000,0.000000));
#820=DIRECTION('',(0.000000,1.000000,0.000000));
#821=AXIS2_PLACEMENT_3D('',#818,#819,#820);
#822=PLANE('',#821);
#823=ADVANCED_FACE('',(#817),#822,.T.);
#824=CLOSED_SHELL('',(#783,#791,#799,#807,#815,#823));
#825=MANIFOLD_SOLID_BREP('gpio_pin_l_5',#824);
#826=CARTESIAN_POINT('',(-0.320000,-15.560000,-8.000000));
#827=CARTESIAN_POINT('',(-0.320000,-15.560000,0.000000));
#828=CARTESIAN_POINT('',(-0.320000,-14.920000,-8.000000));
#829=CARTESIAN_POINT('',(-0.320000,-14.920000,0.000000));
#830=CARTESIAN_POINT('',(0.320000,-15.560000,-8.000000));
#831=CARTESIAN_POINT('',(0.320000,-15.560000,0.000000));
#832=CARTESIAN_POINT('',(0.320000,-14.920000,-8.000000));
#833=CARTESIAN_POINT('',(0.320000,-14.920000,0.000000));
#834=POLY_LOOP('',(#827,#831,#833,#829));
#835=FACE_OUTER_BOUND('',#834,.T.);
#836=CARTESIAN_POINT('',(0.000000,-15.240000,0.000000));
#837=DIRECTION('',(0.000000,0.000000,1.000000));
#838=DIRECTION('',(1.000000,0.000000,0.000000));
#839=AXIS2_PLACEMENT_3D('',#836,#837,#838);
#840=PLANE('',#839);
#841=ADVANCED_FACE('',(#835),#840,.T.);
#842=POLY_LOOP('',(#826,#828,#832,#830));
#843=FACE_OUTER_BOUND('',#842,.T.);
#844=CARTESIAN_POINT('',(0.000000,-15.240000,-8.000000));
#845=DIRECTION('',(0.000000,0.000000,-1.000000));
#846=DIRECTION('',(1.000000,0.000000,0.000000));
#847=AXIS2_PLACEMENT_3D('',#844,#845,#846);
#848=PLANE('',#847);
#849=ADVANCED_FACE('',(#843),#848,.T.);
#850=POLY_LOOP('',(#828,#829,#833,#832));
#851=FACE_OUTER_BOUND('',#850,.T.);
#852=CARTESIAN_POINT('',(0.000000,-14.920000,-4.000000));
#853=DIRECTION('',(0.000000,1.000000,0.000000));
#854=DIRECTION('',(1.000000,0.000000,0.000000));
#855=AXIS2_PLACEMENT_3D('',#852,#853,#854);
#856=PLANE('',#855);
#857=ADVANCED_FACE('',(#851),#856,.T.);
#858=POLY_LOOP('',(#826,#830,#831,#827));
#859=FACE_OUTER_BOUND('',#858,.T.);
#860=CARTESIAN_POINT('',(0.000000,-15.560000,-4.000000));
#861=DIRECTION('',(0.000000,-1.000000,0.000000));
#862=DIRECTION('',(1.000000,0.000000,0.000000));
#863=AXIS2_PLACEMENT_3D('',#860,#861,#862);
#864=PLANE('',#863);
#865=ADVANCED_FACE('',(#859),#864,.T.);
#866=POLY_LOOP('',(#830,#832,#833,#831));
#867=FACE_OUTER_BOUND('',#866,.T.);
#868=CARTESIAN_POINT('',(0.320000,-15.240000,-4.000000));
#869=DIRECTION('',(1.000000,0.000000,0.000000));
#870=DIRECTION('',(0.000000,1.000000,0.000000));
#871=AXIS2_PLACEMENT_3D('',#868,#869,#870);
#872=PLANE('',#871);
#873=ADVANCED_FACE('',(#867),#872,.T.);
#874=POLY_LOOP('',(#826,#827,#829,#828));
#875=FACE_OUTER_BOUND('',#874,.T.);
#876=CARTESIAN_POINT('',(-0.320000,-15.240000,-4.000000));
#877=DIRECTION('',(-1.000000,0.000000,0.000000));
#878=DIRECTION('',(0.000000,1.000000,0.000000));
#879=AXIS2_PLACEMENT_3D('',#876,#877,#878);
#880=PLANE('',#879);
#881=ADVANCED_FACE('',(#875),#880,.T.);
#882=CLOSED_SHELL('',(#841,#849,#857,#865,#873,#881));
#883=MANIFOLD_SOLID_BREP('gpio_pin_l_6',#882);
#884=CARTESIAN_POINT('',(-0.320000,-18.100000,-8.000000));
#885=CARTESIAN_POINT('',(-0.320000,-18.100000,0.000000));
#886=CARTESIAN_POINT('',(-0.320000,-17.460000,-8.000000));
#887=CARTESIAN_POINT('',(-0.320000,-17.460000,0.000000));
#888=CARTESIAN_POINT('',(0.320000,-18.100000,-8.000000));
#889=CARTESIAN_POINT('',(0.320000,-18.100000,0.000000));
#890=CARTESIAN_POINT('',(0.320000,-17.460000,-8.000000));
#891=CARTESIAN_POINT('',(0.320000,-17.460000,0.000000));
#892=POLY_LOOP('',(#885,#889,#891,#887));
#893=FACE_OUTER_BOUND('',#892,.T.);
#894=CARTESIAN_POINT('',(0.000000,-17.780000,0.000000));
#895=DIRECTION('',(0.000000,0.000000,1.000000));
#896=DIRECTION('',(1.000000,0.000000,0.000000));
#897=AXIS2_PLACEMENT_3D('',#894,#895,#896);
#898=PLANE('',#897);
#899=ADVANCED_FACE('',(#893),#898,.T.);
#900=POLY_LOOP('',(#884,#886,#890,#888));
#901=FACE_OUTER_BOUND('',#900,.T.);
#902=CARTESIAN_POINT('',(0.000000,-17.780000,-8.000000));
#903=DIRECTION('',(0.000000,0.000000,-1.000000));
#904=DIRECTION('',(1.000000,0.000000,0.000000));
#905=AXIS2_PLACEMENT_3D('',#902,#903,#904);
#906=PLANE('',#905);
#907=ADVANCED_FACE('',(#901),#906,.T.);
#908=POLY_LOOP('',(#886,#887,#891,#890));
#909=FACE_OUTER_BOUND('',#908,.T.);
#910=CARTESIAN_POINT('',(0.000000,-17.460000,-4.000000));
#911=DIRECTION('',(0.000000,1.000000,0.000000));
#912=DIRECTION('',(1.000000,0.000000,0.000000));
#913=AXIS2_PLACEMENT_3D('',#910,#911,#912);
#914=PLANE('',#913);
#915=ADVANCED_FACE('',(#909),#914,.T.);
#916=POLY_LOOP('',(#884,#888,#889,#885));
#917=FACE_OUTER_BOUND('',#916,.T.);
#918=CARTESIAN_POINT('',(0.000000,-18.100000,-4.000000));
#919=DIRECTION('',(0.000000,-1.000000,0.000000));
#920=DIRECTION('',(1.000000,0.000000,0.000000));
#921=AXIS2_PLACEMENT_3D('',#918,#919,#920);
#922=PLANE('',#921);
#923=ADVANCED_FACE('',(#917),#922,.T.);
#924=POLY_LOOP('',(#888,#890,#891,#889));
#925=FACE_OUTER_BOUND('',#924,.T.);
#926=CARTESIAN_POINT('',(0.320000,-17.780000,-4.000000));
#927=DIRECTION('',(1.000000,0.000000,0.000000));
#928=DIRECTION('',(0.000000,1.000000,0.000000));
#929=AXIS2_PLACEMENT_3D('',#926,#927,#928);
#930=PLANE('',#929);
#931=ADVANCED_FACE('',(#925),#930,.T.);
#932=POLY_LOOP('',(#884,#885,#887,#886));
#933=FACE_OUTER_BOUND('',#932,.T.);
#934=CARTESIAN_POINT('',(-0.320000,-17.780000,-4.000000));
#935=DIRECTION('',(-1.000000,0.000000,0.000000));
#936=DIRECTION('',(0.000000,1.000000,0.000000));
#937=AXIS2_PLACEMENT_3D('',#934,#935,#936);
#938=PLANE('',#937);
#939=ADVANCED_FACE('',(#933),#938,.T.);
#940=CLOSED_SHELL('',(#899,#907,#915,#923,#931,#939));
#941=MANIFOLD_SOLID_BREP('gpio_pin_l_7',#940);
#942=CARTESIAN_POINT('',(-0.320000,-20.640000,-8.000000));
#943=CARTESIAN_POINT('',(-0.320000,-20.640000,0.000000));
#944=CARTESIAN_POINT('',(-0.320000,-20.000000,-8.000000));
#945=CARTESIAN_POINT('',(-0.320000,-20.000000,0.000000));
#946=CARTESIAN_POINT('',(0.320000,-20.640000,-8.000000));
#947=CARTESIAN_POINT('',(0.320000,-20.640000,0.000000));
#948=CARTESIAN_POINT('',(0.320000,-20.000000,-8.000000));
#949=CARTESIAN_POINT('',(0.320000,-20.000000,0.000000));
#950=POLY_LOOP('',(#943,#947,#949,#945));
#951=FACE_OUTER_BOUND('',#950,.T.);
#952=CARTESIAN_POINT('',(0.000000,-20.320000,0.000000));
#953=DIRECTION('',(0.000000,0.000000,1.000000));
#954=DIRECTION('',(1.000000,0.000000,0.000000));
#955=AXIS2_PLACEMENT_3D('',#952,#953,#954);
#956=PLANE('',#955);
#957=ADVANCED_FACE('',(#951),#956,.T.);
#958=POLY_LOOP('',(#942,#944,#948,#946));
#959=FACE_OUTER_BOUND('',#958,.T.);
#960=CARTESIAN_POINT('',(0.000000,-20.320000,-8.000000));
#961=DIRECTION('',(0.000000,0.000000,-1.000000));
#962=DIRECTION('',(1.000000,0.000000,0.000000));
#963=AXIS2_PLACEMENT_3D('',#960,#961,#962);
#964=PLANE('',#963);
#965=ADVANCED_FACE('',(#959),#964,.T.);
#966=POLY_LOOP('',(#944,#945,#949,#948));
#967=FACE_OUTER_BOUND('',#966,.T.);
#968=CARTESIAN_POINT('',(0.000000,-20.000000,-4.000000));
#969=DIRECTION('',(0.000000,1.000000,0.000000));
#970=DIRECTION('',(1.000000,0.000000,0.000000));
#971=AXIS2_PLACEMENT_3D('',#968,#969,#970);
#972=PLANE('',#971);
#973=ADVANCED_FACE('',(#967),#972,.T.);
#974=POLY_LOOP('',(#942,#946,#947,#943));
#975=FACE_OUTER_BOUND('',#974,.T.);
#976=CARTESIAN_POINT('',(0.000000,-20.640000,-4.000000));
#977=DIRECTION('',(0.000000,-1.000000,0.000000));
#978=DIRECTION('',(1.000000,0.000000,0.000000));
#979=AXIS2_PLACEMENT_3D('',#976,#977,#978);
#980=PLANE('',#979);
#981=ADVANCED_FACE('',(#975),#980,.T.);
#982=POLY_LOOP('',(#946,#948,#949,#947));
#983=FACE_OUTER_BOUND('',#982,.T.);
#984=CARTESIAN_POINT('',(0.320000,-20.320000,-4.000000));
#985=DIRECTION('',(1.000000,0.000000,0.000000));
#986=DIRECTION('',(0.000000,1.000000,0.000000));
#987=AXIS2_PLACEMENT_3D('',#984,#985,#986);
#988=PLANE('',#987);
#989=ADVANCED_FACE('',(#983),#988,.T.);
#990=POLY_LOOP('',(#942,#943,#945,#944));
#991=FACE_OUTER_BOUND('',#990,.T.);
#992=CARTESIAN_POINT('',(-0.320000,-20.320000,-4.000000));
#993=DIRECTION('',(-1.000000,0.000000,0.000000));
#994=DIRECTION('',(0.000000,1.000000,0.000000));
#995=AXIS2_PLACEMENT_3D('',#992,#993,#994);
#996=PLANE('',#995);
#997=ADVANCED_FACE('',(#991),#996,.T.);
#998=CLOSED_SHELL('',(#957,#965,#973,#981,#989,#997));
#999=MANIFOLD_SOLID_BREP('gpio_pin_l_8',#998);
#1000=CARTESIAN_POINT('',(-0.320000,-23.180000,-8.000000));
#1001=CARTESIAN_POINT('',(-0.320000,-23.180000,0.000000));
#1002=CARTESIAN_POINT('',(-0.320000,-22.540000,-8.000000));
#1003=CARTESIAN_POINT('',(-0.320000,-22.540000,0.000000));
#1004=CARTESIAN_POINT('',(0.320000,-23.180000,-8.000000));
#1005=CARTESIAN_POINT('',(0.320000,-23.180000,0.000000));
#1006=CARTESIAN_POINT('',(0.320000,-22.540000,-8.000000));
#1007=CARTESIAN_POINT('',(0.320000,-22.540000,0.000000));
#1008=POLY_LOOP('',(#1001,#1005,#1007,#1003));
#1009=FACE_OUTER_BOUND('',#1008,.T.);
#1010=CARTESIAN_POINT('',(0.000000,-22.860000,0.000000));
#1011=DIRECTION('',(0.000000,0.000000,1.000000));
#1012=DIRECTION('',(1.000000,0.000000,0.000000));
#1013=AXIS2_PLACEMENT_3D('',#1010,#1011,#1012);
#1014=PLANE('',#1013);
#1015=ADVANCED_FACE('',(#1009),#1014,.T.);
#1016=POLY_LOOP('',(#1000,#1002,#1006,#1004));
#1017=FACE_OUTER_BOUND('',#1016,.T.);
#1018=CARTESIAN_POINT('',(0.000000,-22.860000,-8.000000));
#1019=DIRECTION('',(0.000000,0.000000,-1.000000));
#1020=DIRECTION('',(1.000000,0.000000,0.000000));
#1021=AXIS2_PLACEMENT_3D('',#1018,#1019,#1020);
#1022=PLANE('',#1021);
#1023=ADVANCED_FACE('',(#1017),#1022,.T.);
#1024=POLY_LOOP('',(#1002,#1003,#1007,#1006));
#1025=FACE_OUTER_BOUND('',#1024,.T.);
#1026=CARTESIAN_POINT('',(0.000000,-22.540000,-4.000000));
#1027=DIRECTION('',(0.000000,1.000000,0.000000));
#1028=DIRECTION('',(1.000000,0.000000,0.000000));
#1029=AXIS2_PLACEMENT_3D('',#1026,#1027,#1028);
#1030=PLANE('',#1029);
#1031=ADVANCED_FACE('',(#1025),#1030,.T.);
#1032=POLY_LOOP('',(#1000,#1004,#1005,#1001));
#1033=FACE_OUTER_BOUND('',#1032,.T.);
#1034=CARTESIAN_POINT('',(0.000000,-23.180000,-4.000000));
#1035=DIRECTION('',(0.000000,-1.000000,0.000000));
#1036=DIRECTION('',(1.000000,0.000000,0.000000));
#1037=AXIS2_PLACEMENT_3D('',#1034,#1035,#1036);
#1038=PLANE('',#1037);
#1039=ADVANCED_FACE('',(#1033),#1038,.T.);
#1040=POLY_LOOP('',(#1004,#1006,#1007,#1005));
#1041=FACE_OUTER_BOUND('',#1040,.T.);
#1042=CARTESIAN_POINT('',(0.320000,-22.860000,-4.000000));
#1043=DIRECTION('',(1.000000,0.000000,0.000000));
#1044=DIRECTION('',(0.000000,1.000000,0.000000));
#1045=AXIS2_PLACEMENT_3D('',#1042,#1043,#1044);
#1046=PLANE('',#1045);
#1047=ADVANCED_FACE('',(#1041),#1046,.T.);
#1048=POLY_LOOP('',(#1000,#1001,#1003,#1002));
#1049=FACE_OUTER_BOUND('',#1048,.T.);
#1050=CARTESIAN_POINT('',(-0.320000,-22.860000,-4.000000));
#1051=DIRECTION('',(-1.000000,0.000000,0.000000));
#1052=DIRECTION('',(0.000000,1.000000,0.000000));
#1053=AXIS2_PLACEMENT_3D('',#1050,#1051,#1052);
#1054=PLANE('',#1053);
#1055=ADVANCED_FACE('',(#1049),#1054,.T.);
#1056=CLOSED_SHELL('',(#1015,#1023,#1031,#1039,#1047,#1055));
#1057=MANIFOLD_SOLID_BREP('gpio_pin_l_9',#1056);
#1058=CARTESIAN_POINT('',(-0.320000,-25.720000,-8.000000));
#1059=CARTESIAN_POINT('',(-0.320000,-25.720000,0.000000));
#1060=CARTESIAN_POINT('',(-0.320000,-25.080000,-8.000000));
#1061=CARTESIAN_POINT('',(-0.320000,-25.080000,0.000000));
#1062=CARTESIAN_POINT('',(0.320000,-25.720000,-8.000000));
#1063=CARTESIAN_POINT('',(0.320000,-25.720000,0.000000));
#1064=CARTESIAN_POINT('',(0.320000,-25.080000,-8.000000));
#1065=CARTESIAN_POINT('',(0.320000,-25.080000,0.000000));
#1066=POLY_LOOP('',(#1059,#1063,#1065,#1061));
#1067=FACE_OUTER_BOUND('',#1066,.T.);
#1068=CARTESIAN_POINT('',(0.000000,-25.400000,0.000000));
#1069=DIRECTION('',(0.000000,0.000000,1.000000));
#1070=DIRECTION('',(1.000000,0.000000,0.000000));
#1071=AXIS2_PLACEMENT_3D('',#1068,#1069,#1070);
#1072=PLANE('',#1071);
#1073=ADVANCED_FACE('',(#1067),#1072,.T.);
#1074=POLY_LOOP('',(#1058,#1060,#1064,#1062));
#1075=FACE_OUTER_BOUND('',#1074,.T.);
#1076=CARTESIAN_POINT('',(0.000000,-25.400000,-8.000000));
#1077=DIRECTION('',(0.000000,0.000000,-1.000000));
#1078=DIRECTION('',(1.000000,0.000000,0.000000));
#1079=AXIS2_PLACEMENT_3D('',#1076,#1077,#1078);
#1080=PLANE('',#1079);
#1081=ADVANCED_FACE('',(#1075),#1080,.T.);
#1082=POLY_LOOP('',(#1060,#1061,#1065,#1064));
#1083=FACE_OUTER_BOUND('',#1082,.T.);
#1084=CARTESIAN_POINT('',(0.000000,-25.080000,-4.000000));
#1085=DIRECTION('',(0.000000,1.000000,0.000000));
#1086=DIRECTION('',(1.000000,0.000000,0.000000));
#1087=AXIS2_PLACEMENT_3D('',#1084,#1085,#1086);
#1088=PLANE('',#1087);
#1089=ADVANCED_FACE('',(#1083),#1088,.T.);
#1090=POLY_LOOP('',(#1058,#1062,#1063,#1059));
#1091=FACE_OUTER_BOUND('',#1090,.T.);
#1092=CARTESIAN_POINT('',(0.000000,-25.720000,-4.000000));
#1093=DIRECTION('',(0.000000,-1.000000,0.000000));
#1094=DIRECTION('',(1.000000,0.000000,0.000000));
#1095=AXIS2_PLACEMENT_3D('',#1092,#1093,#1094);
#1096=PLANE('',#1095);
#1097=ADVANCED_FACE('',(#1091),#1096,.T.);
#1098=POLY_LOOP('',(#1062,#1064,#1065,#1063));
#1099=FACE_OUTER_BOUND('',#1098,.T.);
#1100=CARTESIAN_POINT('',(0.320000,-25.400000,-4.000000));
#1101=DIRECTION('',(1.000000,0.000000,0.000000));
#1102=DIRECTION('',(0.000000,1.000000,0.000000));
#1103=AXIS2_PLACEMENT_3D('',#1100,#1101,#1102);
#1104=PLANE('',#1103);
#1105=ADVANCED_FACE('',(#1099),#1104,.T.);
#1106=POLY_LOOP('',(#1058,#1059,#1061,#1060));
#1107=FACE_OUTER_BOUND('',#1106,.T.);
#1108=CARTESIAN_POINT('',(-0.320000,-25.400000,-4.000000));
#1109=DIRECTION('',(-1.000000,0.000000,0.000000));
#1110=DIRECTION('',(0.000000,1.000000,0.000000));
#1111=AXIS2_PLACEMENT_3D('',#1108,#1109,#1110);
#1112=PLANE('',#1111);
#1113=ADVANCED_FACE('',(#1107),#1112,.T.);
#1114=CLOSED_SHELL('',(#1073,#1081,#1089,#1097,#1105,#1113));
#1115=MANIFOLD_SOLID_BREP('gpio_pin_l_10',#1114);
#1116=CARTESIAN_POINT('',(-0.320000,-28.260000,-8.000000));
#1117=CARTESIAN_POINT('',(-0.320000,-28.260000,0.000000));
#1118=CARTESIAN_POINT('',(-0.320000,-27.620000,-8.000000));
#1119=CARTESIAN_POINT('',(-0.320000,-27.620000,0.000000));
#1120=CARTESIAN_POINT('',(0.320000,-28.260000,-8.000000));
#1121=CARTESIAN_POINT('',(0.320000,-28.260000,0.000000));
#1122=CARTESIAN_POINT('',(0.320000,-27.620000,-8.000000));
#1123=CARTESIAN_POINT('',(0.320000,-27.620000,0.000000));
#1124=POLY_LOOP('',(#1117,#1121,#1123,#1119));
#1125=FACE_OUTER_BOUND('',#1124,.T.);
#1126=CARTESIAN_POINT('',(0.000000,-27.940000,0.000000));
#1127=DIRECTION('',(0.000000,0.000000,1.000000));
#1128=DIRECTION('',(1.000000,0.000000,0.000000));
#1129=AXIS2_PLACEMENT_3D('',#1126,#1127,#1128);
#1130=PLANE('',#1129);
#1131=ADVANCED_FACE('',(#1125),#1130,.T.);
#1132=POLY_LOOP('',(#1116,#1118,#1122,#1120));
#1133=FACE_OUTER_BOUND('',#1132,.T.);
#1134=CARTESIAN_POINT('',(0.000000,-27.940000,-8.000000));
#1135=DIRECTION('',(0.000000,0.000000,-1.000000));
#1136=DIRECTION('',(1.000000,0.000000,0.000000));
#1137=AXIS2_PLACEMENT_3D('',#1134,#1135,#1136);
#1138=PLANE('',#1137);
#1139=ADVANCED_FACE('',(#1133),#1138,.T.);
#1140=POLY_LOOP('',(#1118,#1119,#1123,#1122));
#1141=FACE_OUTER_BOUND('',#1140,.T.);
#1142=CARTESIAN_POINT('',(0.000000,-27.620000,-4.000000));
#1143=DIRECTION('',(0.000000,1.000000,0.000000));
#1144=DIRECTION('',(1.000000,0.000000,0.000000));
#1145=AXIS2_PLACEMENT_3D('',#1142,#1143,#1144);
#1146=PLANE('',#1145);
#1147=ADVANCED_FACE('',(#1141),#1146,.T.);
#1148=POLY_LOOP('',(#1116,#1120,#1121,#1117));
#1149=FACE_OUTER_BOUND('',#1148,.T.);
#1150=CARTESIAN_POINT('',(0.000000,-28.260000,-4.000000));
#1151=DIRECTION('',(0.000000,-1.000000,0.000000));
#1152=DIRECTION('',(1.000000,0.000000,0.000000));
#1153=AXIS2_PLACEMENT_3D('',#1150,#1151,#1152);
#1154=PLANE('',#1153);
#1155=ADVANCED_FACE('',(#1149),#1154,.T.);
#1156=POLY_LOOP('',(#1120,#1122,#1123,#1121));
#1157=FACE_OUTER_BOUND('',#1156,.T.);
#1158=CARTESIAN_POINT('',(0.320000,-27.940000,-4.000000));
#1159=DIRECTION('',(1.000000,0.000000,0.000000));
#1160=DIRECTION('',(0.000000,1.000000,0.000000));
#1161=AXIS2_PLACEMENT_3D('',#1158,#1159,#1160);
#1162=PLANE('',#1161);
#1163=ADVANCED_FACE('',(#1157),#1162,.T.);
#1164=POLY_LOOP('',(#1116,#1117,#1119,#1118));
#1165=FACE_OUTER_BOUND('',#1164,.T.);
#1166=CARTESIAN_POINT('',(-0.320000,-27.940000,-4.000000));
#1167=DIRECTION('',(-1.000000,0.000000,0.000000));
#1168=DIRECTION('',(0.000000,1.000000,0.000000));
#1169=AXIS2_PLACEMENT_3D('',#1166,#1167,#1168);
#1170=PLANE('',#1169);
#1171=ADVANCED_FACE('',(#1165),#1170,.T.);
#1172=CLOSED_SHELL('',(#1131,#1139,#1147,#1155,#1163,#1171));
#1173=MANIFOLD_SOLID_BREP('gpio_pin_l_11',#1172);
#1174=CARTESIAN_POINT('',(-0.320000,-30.800000,-8.000000));
#1175=CARTESIAN_POINT('',(-0.320000,-30.800000,0.000000));
#1176=CARTESIAN_POINT('',(-0.320000,-30.160000,-8.000000));
#1177=CARTESIAN_POINT('',(-0.320000,-30.160000,0.000000));
#1178=CARTESIAN_POINT('',(0.320000,-30.800000,-8.000000));
#1179=CARTESIAN_POINT('',(0.320000,-30.800000,0.000000));
#1180=CARTESIAN_POINT('',(0.320000,-30.160000,-8.000000));
#1181=CARTESIAN_POINT('',(0.320000,-30.160000,0.000000));
#1182=POLY_LOOP('',(#1175,#1179,#1181,#1177));
#1183=FACE_OUTER_BOUND('',#1182,.T.);
#1184=CARTESIAN_POINT('',(0.000000,-30.480000,0.000000));
#1185=DIRECTION('',(0.000000,0.000000,1.000000));
#1186=DIRECTION('',(1.000000,0.000000,0.000000));
#1187=AXIS2_PLACEMENT_3D('',#1184,#1185,#1186);
#1188=PLANE('',#1187);
#1189=ADVANCED_FACE('',(#1183),#1188,.T.);
#1190=POLY_LOOP('',(#1174,#1176,#1180,#1178));
#1191=FACE_OUTER_BOUND('',#1190,.T.);
#1192=CARTESIAN_POINT('',(0.000000,-30.480000,-8.000000));
#1193=DIRECTION('',(0.000000,0.000000,-1.000000));
#1194=DIRECTION('',(1.000000,0.000000,0.000000));
#1195=AXIS2_PLACEMENT_3D('',#1192,#1193,#1194);
#1196=PLANE('',#1195);
#1197=ADVANCED_FACE('',(#1191),#1196,.T.);
#1198=POLY_LOOP('',(#1176,#1177,#1181,#1180));
#1199=FACE_OUTER_BOUND('',#1198,.T.);
#1200=CARTESIAN_POINT('',(0.000000,-30.160000,-4.000000));
#1201=DIRECTION('',(0.000000,1.000000,0.000000));
#1202=DIRECTION('',(1.000000,0.000000,0.000000));
#1203=AXIS2_PLACEMENT_3D('',#1200,#1201,#1202);
#1204=PLANE('',#1203);
#1205=ADVANCED_FACE('',(#1199),#1204,.T.);
#1206=POLY_LOOP('',(#1174,#1178,#1179,#1175));
#1207=FACE_OUTER_BOUND('',#1206,.T.);
#1208=CARTESIAN_POINT('',(0.000000,-30.800000,-4.000000));
#1209=DIRECTION('',(0.000000,-1.000000,0.000000));
#1210=DIRECTION('',(1.000000,0.000000,0.000000));
#1211=AXIS2_PLACEMENT_3D('',#1208,#1209,#1210);
#1212=PLANE('',#1211);
#1213=ADVANCED_FACE('',(#1207),#1212,.T.);
#1214=POLY_LOOP('',(#1178,#1180,#1181,#1179));
#1215=FACE_OUTER_BOUND('',#1214,.T.);
#1216=CARTESIAN_POINT('',(0.320000,-30.480000,-4.000000));
#1217=DIRECTION('',(1.000000,0.000000,0.000000));
#1218=DIRECTION('',(0.000000,1.000000,0.000000));
#1219=AXIS2_PLACEMENT_3D('',#1216,#1217,#1218);
#1220=PLANE('',#1219);
#1221=ADVANCED_FACE('',(#1215),#1220,.T.);
#1222=POLY_LOOP('',(#1174,#1175,#1177,#1176));
#1223=FACE_OUTER_BOUND('',#1222,.T.);
#1224=CARTESIAN_POINT('',(-0.320000,-30.480000,-4.000000));
#1225=DIRECTION('',(-1.000000,0.000000,0.000000));
#1226=DIRECTION('',(0.000000,1.000000,0.000000));
#1227=AXIS2_PLACEMENT_3D('',#1224,#1225,#1226);
#1228=PLANE('',#1227);
#1229=ADVANCED_FACE('',(#1223),#1228,.T.);
#1230=CLOSED_SHELL('',(#1189,#1197,#1205,#1213,#1221,#1229));
#1231=MANIFOLD_SOLID_BREP('gpio_pin_l_12',#1230);
#1232=CARTESIAN_POINT('',(-0.320000,-33.340000,-8.000000));
#1233=CARTESIAN_POINT('',(-0.320000,-33.340000,0.000000));
#1234=CARTESIAN_POINT('',(-0.320000,-32.700000,-8.000000));
#1235=CARTESIAN_POINT('',(-0.320000,-32.700000,0.000000));
#1236=CARTESIAN_POINT('',(0.320000,-33.340000,-8.000000));
#1237=CARTESIAN_POINT('',(0.320000,-33.340000,0.000000));
#1238=CARTESIAN_POINT('',(0.320000,-32.700000,-8.000000));
#1239=CARTESIAN_POINT('',(0.320000,-32.700000,0.000000));
#1240=POLY_LOOP('',(#1233,#1237,#1239,#1235));
#1241=FACE_OUTER_BOUND('',#1240,.T.);
#1242=CARTESIAN_POINT('',(0.000000,-33.020000,0.000000));
#1243=DIRECTION('',(0.000000,0.000000,1.000000));
#1244=DIRECTION('',(1.000000,0.000000,0.000000));
#1245=AXIS2_PLACEMENT_3D('',#1242,#1243,#1244);
#1246=PLANE('',#1245);
#1247=ADVANCED_FACE('',(#1241),#1246,.T.);
#1248=POLY_LOOP('',(#1232,#1234,#1238,#1236));
#1249=FACE_OUTER_BOUND('',#1248,.T.);
#1250=CARTESIAN_POINT('',(0.000000,-33.020000,-8.000000));
#1251=DIRECTION('',(0.000000,0.000000,-1.000000));
#1252=DIRECTION('',(1.000000,0.000000,0.000000));
#1253=AXIS2_PLACEMENT_3D('',#1250,#1251,#1252);
#1254=PLANE('',#1253);
#1255=ADVANCED_FACE('',(#1249),#1254,.T.);
#1256=POLY_LOOP('',(#1234,#1235,#1239,#1238));
#1257=FACE_OUTER_BOUND('',#1256,.T.);
#1258=CARTESIAN_POINT('',(0.000000,-32.700000,-4.000000));
#1259=DIRECTION('',(0.000000,1.000000,0.000000));
#1260=DIRECTION('',(1.000000,0.000000,0.000000));
#1261=AXIS2_PLACEMENT_3D('',#1258,#1259,#1260);
#1262=PLANE('',#1261);
#1263=ADVANCED_FACE('',(#1257),#1262,.T.);
#1264=POLY_LOOP('',(#1232,#1236,#1237,#1233));
#1265=FACE_OUTER_BOUND('',#1264,.T.);
#1266=CARTESIAN_POINT('',(0.000000,-33.340000,-4.000000));
#1267=DIRECTION('',(0.000000,-1.000000,0.000000));
#1268=DIRECTION('',(1.000000,0.000000,0.000000));
#1269=AXIS2_PLACEMENT_3D('',#1266,#1267,#1268);
#1270=PLANE('',#1269);
#1271=ADVANCED_FACE('',(#1265),#1270,.T.);
#1272=POLY_LOOP('',(#1236,#1238,#1239,#1237));
#1273=FACE_OUTER_BOUND('',#1272,.T.);
#1274=CARTESIAN_POINT('',(0.320000,-33.020000,-4.000000));
#1275=DIRECTION('',(1.000000,0.000000,0.000000));
#1276=DIRECTION('',(0.000000,1.000000,0.000000));
#1277=AXIS2_PLACEMENT_3D('',#1274,#1275,#1276);
#1278=PLANE('',#1277);
#1279=ADVANCED_FACE('',(#1273),#1278,.T.);
#1280=POLY_LOOP('',(#1232,#1233,#1235,#1234));
#1281=FACE_OUTER_BOUND('',#1280,.T.);
#1282=CARTESIAN_POINT('',(-0.320000,-33.020000,-4.000000));
#1283=DIRECTION('',(-1.000000,0.000000,0.000000));
#1284=DIRECTION('',(0.000000,1.000000,0.000000));
#1285=AXIS2_PLACEMENT_3D('',#1282,#1283,#1284);
#1286=PLANE('',#1285);
#1287=ADVANCED_FACE('',(#1281),#1286,.T.);
#1288=CLOSED_SHELL('',(#1247,#1255,#1263,#1271,#1279,#1287));
#1289=MANIFOLD_SOLID_BREP('gpio_pin_l_13',#1288);
#1290=CARTESIAN_POINT('',(-0.320000,-35.880000,-8.000000));
#1291=CARTESIAN_POINT('',(-0.320000,-35.880000,0.000000));
#1292=CARTESIAN_POINT('',(-0.320000,-35.240000,-8.000000));
#1293=CARTESIAN_POINT('',(-0.320000,-35.240000,0.000000));
#1294=CARTESIAN_POINT('',(0.320000,-35.880000,-8.000000));
#1295=CARTESIAN_POINT('',(0.320000,-35.880000,0.000000));
#1296=CARTESIAN_POINT('',(0.320000,-35.240000,-8.000000));
#1297=CARTESIAN_POINT('',(0.320000,-35.240000,0.000000));
#1298=POLY_LOOP('',(#1291,#1295,#1297,#1293));
#1299=FACE_OUTER_BOUND('',#1298,.T.);
#1300=CARTESIAN_POINT('',(0.000000,-35.560000,0.000000));
#1301=DIRECTION('',(0.000000,0.000000,1.000000));
#1302=DIRECTION('',(1.000000,0.000000,0.000000));
#1303=AXIS2_PLACEMENT_3D('',#1300,#1301,#1302);
#1304=PLANE('',#1303);
#1305=ADVANCED_FACE('',(#1299),#1304,.T.);
#1306=POLY_LOOP('',(#1290,#1292,#1296,#1294));
#1307=FACE_OUTER_BOUND('',#1306,.T.);
#1308=CARTESIAN_POINT('',(0.000000,-35.560000,-8.000000));
#1309=DIRECTION('',(0.000000,0.000000,-1.000000));
#1310=DIRECTION('',(1.000000,0.000000,0.000000));
#1311=AXIS2_PLACEMENT_3D('',#1308,#1309,#1310);
#1312=PLANE('',#1311);
#1313=ADVANCED_FACE('',(#1307),#1312,.T.);
#1314=POLY_LOOP('',(#1292,#1293,#1297,#1296));
#1315=FACE_OUTER_BOUND('',#1314,.T.);
#1316=CARTESIAN_POINT('',(0.000000,-35.240000,-4.000000));
#1317=DIRECTION('',(0.000000,1.000000,0.000000));
#1318=DIRECTION('',(1.000000,0.000000,0.000000));
#1319=AXIS2_PLACEMENT_3D('',#1316,#1317,#1318);
#1320=PLANE('',#1319);
#1321=ADVANCED_FACE('',(#1315),#1320,.T.);
#1322=POLY_LOOP('',(#1290,#1294,#1295,#1291));
#1323=FACE_OUTER_BOUND('',#1322,.T.);
#1324=CARTESIAN_POINT('',(0.000000,-35.880000,-4.000000));
#1325=DIRECTION('',(0.000000,-1.000000,0.000000));
#1326=DIRECTION('',(1.000000,0.000000,0.000000));
#1327=AXIS2_PLACEMENT_3D('',#1324,#1325,#1326);
#1328=PLANE('',#1327);
#1329=ADVANCED_FACE('',(#1323),#1328,.T.);
#1330=POLY_LOOP('',(#1294,#1296,#1297,#1295));
#1331=FACE_OUTER_BOUND('',#1330,.T.);
#1332=CARTESIAN_POINT('',(0.320000,-35.560000,-4.000000));
#1333=DIRECTION('',(1.000000,0.000000,0.000000));
#1334=DIRECTION('',(0.000000,1.000000,0.000000));
#1335=AXIS2_PLACEMENT_3D('',#1332,#1333,#1334);
#1336=PLANE('',#1335);
#1337=ADVANCED_FACE('',(#1331),#1336,.T.);
#1338=POLY_LOOP('',(#1290,#1291,#1293,#1292));
#1339=FACE_OUTER_BOUND('',#1338,.T.);
#1340=CARTESIAN_POINT('',(-0.320000,-35.560000,-4.000000));
#1341=DIRECTION('',(-1.000000,0.000000,0.000000));
#1342=DIRECTION('',(0.000000,1.000000,0.000000));
#1343=AXIS2_PLACEMENT_3D('',#1340,#1341,#1342);
#1344=PLANE('',#1343);
#1345=ADVANCED_FACE('',(#1339),#1344,.T.);
#1346=CLOSED_SHELL('',(#1305,#1313,#1321,#1329,#1337,#1345));
#1347=MANIFOLD_SOLID_BREP('gpio_pin_l_14',#1346);
#1348=CARTESIAN_POINT('',(-0.320000,-38.420000,-8.000000));
#1349=CARTESIAN_POINT('',(-0.320000,-38.420000,0.000000));
#1350=CARTESIAN_POINT('',(-0.320000,-37.780000,-8.000000));
#1351=CARTESIAN_POINT('',(-0.320000,-37.780000,0.000000));
#1352=CARTESIAN_POINT('',(0.320000,-38.420000,-8.000000));
#1353=CARTESIAN_POINT('',(0.320000,-38.420000,0.000000));
#1354=CARTESIAN_POINT('',(0.320000,-37.780000,-8.000000));
#1355=CARTESIAN_POINT('',(0.320000,-37.780000,0.000000));
#1356=POLY_LOOP('',(#1349,#1353,#1355,#1351));
#1357=FACE_OUTER_BOUND('',#1356,.T.);
#1358=CARTESIAN_POINT('',(0.000000,-38.100000,0.000000));
#1359=DIRECTION('',(0.000000,0.000000,1.000000));
#1360=DIRECTION('',(1.000000,0.000000,0.000000));
#1361=AXIS2_PLACEMENT_3D('',#1358,#1359,#1360);
#1362=PLANE('',#1361);
#1363=ADVANCED_FACE('',(#1357),#1362,.T.);
#1364=POLY_LOOP('',(#1348,#1350,#1354,#1352));
#1365=FACE_OUTER_BOUND('',#1364,.T.);
#1366=CARTESIAN_POINT('',(0.000000,-38.100000,-8.000000));
#1367=DIRECTION('',(0.000000,0.000000,-1.000000));
#1368=DIRECTION('',(1.000000,0.000000,0.000000));
#1369=AXIS2_PLACEMENT_3D('',#1366,#1367,#1368);
#1370=PLANE('',#1369);
#1371=ADVANCED_FACE('',(#1365),#1370,.T.);
#1372=POLY_LOOP('',(#1350,#1351,#1355,#1354));
#1373=FACE_OUTER_BOUND('',#1372,.T.);
#1374=CARTESIAN_POINT('',(0.000000,-37.780000,-4.000000));
#1375=DIRECTION('',(0.000000,1.000000,0.000000));
#1376=DIRECTION('',(1.000000,0.000000,0.000000));
#1377=AXIS2_PLACEMENT_3D('',#1374,#1375,#1376);
#1378=PLANE('',#1377);
#1379=ADVANCED_FACE('',(#1373),#1378,.T.);
#1380=POLY_LOOP('',(#1348,#1352,#1353,#1349));
#1381=FACE_OUTER_BOUND('',#1380,.T.);
#1382=CARTESIAN_POINT('',(0.000000,-38.420000,-4.000000));
#1383=DIRECTION('',(0.000000,-1.000000,0.000000));
#1384=DIRECTION('',(1.000000,0.000000,0.000000));
#1385=AXIS2_PLACEMENT_3D('',#1382,#1383,#1384);
#1386=PLANE('',#1385);
#1387=ADVANCED_FACE('',(#1381),#1386,.T.);
#1388=POLY_LOOP('',(#1352,#1354,#1355,#1353));
#1389=FACE_OUTER_BOUND('',#1388,.T.);
#1390=CARTESIAN_POINT('',(0.320000,-38.100000,-4.000000));
#1391=DIRECTION('',(1.000000,0.000000,0.000000));
#1392=DIRECTION('',(0.000000,1.000000,0.000000));
#1393=AXIS2_PLACEMENT_3D('',#1390,#1391,#1392);
#1394=PLANE('',#1393);
#1395=ADVANCED_FACE('',(#1389),#1394,.T.);
#1396=POLY_LOOP('',(#1348,#1349,#1351,#1350));
#1397=FACE_OUTER_BOUND('',#1396,.T.);
#1398=CARTESIAN_POINT('',(-0.320000,-38.100000,-4.000000));
#1399=DIRECTION('',(-1.000000,0.000000,0.000000));
#1400=DIRECTION('',(0.000000,1.000000,0.000000));
#1401=AXIS2_PLACEMENT_3D('',#1398,#1399,#1400);
#1402=PLANE('',#1401);
#1403=ADVANCED_FACE('',(#1397),#1402,.T.);
#1404=CLOSED_SHELL('',(#1363,#1371,#1379,#1387,#1395,#1403));
#1405=MANIFOLD_SOLID_BREP('gpio_pin_l_15',#1404);
#1406=CARTESIAN_POINT('',(-0.320000,-40.960000,-8.000000));
#1407=CARTESIAN_POINT('',(-0.320000,-40.960000,0.000000));
#1408=CARTESIAN_POINT('',(-0.320000,-40.320000,-8.000000));
#1409=CARTESIAN_POINT('',(-0.320000,-40.320000,0.000000));
#1410=CARTESIAN_POINT('',(0.320000,-40.960000,-8.000000));
#1411=CARTESIAN_POINT('',(0.320000,-40.960000,0.000000));
#1412=CARTESIAN_POINT('',(0.320000,-40.320000,-8.000000));
#1413=CARTESIAN_POINT('',(0.320000,-40.320000,0.000000));
#1414=POLY_LOOP('',(#1407,#1411,#1413,#1409));
#1415=FACE_OUTER_BOUND('',#1414,.T.);
#1416=CARTESIAN_POINT('',(0.000000,-40.640000,0.000000));
#1417=DIRECTION('',(0.000000,0.000000,1.000000));
#1418=DIRECTION('',(1.000000,0.000000,0.000000));
#1419=AXIS2_PLACEMENT_3D('',#1416,#1417,#1418);
#1420=PLANE('',#1419);
#1421=ADVANCED_FACE('',(#1415),#1420,.T.);
#1422=POLY_LOOP('',(#1406,#1408,#1412,#1410));
#1423=FACE_OUTER_BOUND('',#1422,.T.);
#1424=CARTESIAN_POINT('',(0.000000,-40.640000,-8.000000));
#1425=DIRECTION('',(0.000000,0.000000,-1.000000));
#1426=DIRECTION('',(1.000000,0.000000,0.000000));
#1427=AXIS2_PLACEMENT_3D('',#1424,#1425,#1426);
#1428=PLANE('',#1427);
#1429=ADVANCED_FACE('',(#1423),#1428,.T.);
#1430=POLY_LOOP('',(#1408,#1409,#1413,#1412));
#1431=FACE_OUTER_BOUND('',#1430,.T.);
#1432=CARTESIAN_POINT('',(0.000000,-40.320000,-4.000000));
#1433=DIRECTION('',(0.000000,1.000000,0.000000));
#1434=DIRECTION('',(1.000000,0.000000,0.000000));
#1435=AXIS2_PLACEMENT_3D('',#1432,#1433,#1434);
#1436=PLANE('',#1435);
#1437=ADVANCED_FACE('',(#1431),#1436,.T.);
#1438=POLY_LOOP('',(#1406,#1410,#1411,#1407));
#1439=FACE_OUTER_BOUND('',#1438,.T.);
#1440=CARTESIAN_POINT('',(0.000000,-40.960000,-4.000000));
#1441=DIRECTION('',(0.000000,-1.000000,0.000000));
#1442=DIRECTION('',(1.000000,0.000000,0.000000));
#1443=AXIS2_PLACEMENT_3D('',#1440,#1441,#1442);
#1444=PLANE('',#1443);
#1445=ADVANCED_FACE('',(#1439),#1444,.T.);
#1446=POLY_LOOP('',(#1410,#1412,#1413,#1411));
#1447=FACE_OUTER_BOUND('',#1446,.T.);
#1448=CARTESIAN_POINT('',(0.320000,-40.640000,-4.000000));
#1449=DIRECTION('',(1.000000,0.000000,0.000000));
#1450=DIRECTION('',(0.000000,1.000000,0.000000));
#1451=AXIS2_PLACEMENT_3D('',#1448,#1449,#1450);
#1452=PLANE('',#1451);
#1453=ADVANCED_FACE('',(#1447),#1452,.T.);
#1454=POLY_LOOP('',(#1406,#1407,#1409,#1408));
#1455=FACE_OUTER_BOUND('',#1454,.T.);
#1456=CARTESIAN_POINT('',(-0.320000,-40.640000,-4.000000));
#1457=DIRECTION('',(-1.000000,0.000000,0.000000));
#1458=DIRECTION('',(0.000000,1.000000,0.000000));
#1459=AXIS2_PLACEMENT_3D('',#1456,#1457,#1458);
#1460=PLANE('',#1459);
#1461=ADVANCED_FACE('',(#1455),#1460,.T.);
#1462=CLOSED_SHELL('',(#1421,#1429,#1437,#1445,#1453,#1461));
#1463=MANIFOLD_SOLID_BREP('gpio_pin_l_16',#1462);
#1464=CARTESIAN_POINT('',(-0.320000,-43.500000,-8.000000));
#1465=CARTESIAN_POINT('',(-0.320000,-43.500000,0.000000));
#1466=CARTESIAN_POINT('',(-0.320000,-42.860000,-8.000000));
#1467=CARTESIAN_POINT('',(-0.320000,-42.860000,0.000000));
#1468=CARTESIAN_POINT('',(0.320000,-43.500000,-8.000000));
#1469=CARTESIAN_POINT('',(0.320000,-43.500000,0.000000));
#1470=CARTESIAN_POINT('',(0.320000,-42.860000,-8.000000));
#1471=CARTESIAN_POINT('',(0.320000,-42.860000,0.000000));
#1472=POLY_LOOP('',(#1465,#1469,#1471,#1467));
#1473=FACE_OUTER_BOUND('',#1472,.T.);
#1474=CARTESIAN_POINT('',(0.000000,-43.180000,0.000000));
#1475=DIRECTION('',(0.000000,0.000000,1.000000));
#1476=DIRECTION('',(1.000000,0.000000,0.000000));
#1477=AXIS2_PLACEMENT_3D('',#1474,#1475,#1476);
#1478=PLANE('',#1477);
#1479=ADVANCED_FACE('',(#1473),#1478,.T.);
#1480=POLY_LOOP('',(#1464,#1466,#1470,#1468));
#1481=FACE_OUTER_BOUND('',#1480,.T.);
#1482=CARTESIAN_POINT('',(0.000000,-43.180000,-8.000000));
#1483=DIRECTION('',(0.000000,0.000000,-1.000000));
#1484=DIRECTION('',(1.000000,0.000000,0.000000));
#1485=AXIS2_PLACEMENT_3D('',#1482,#1483,#1484);
#1486=PLANE('',#1485);
#1487=ADVANCED_FACE('',(#1481),#1486,.T.);
#1488=POLY_LOOP('',(#1466,#1467,#1471,#1470));
#1489=FACE_OUTER_BOUND('',#1488,.T.);
#1490=CARTESIAN_POINT('',(0.000000,-42.860000,-4.000000));
#1491=DIRECTION('',(0.000000,1.000000,0.000000));
#1492=DIRECTION('',(1.000000,0.000000,0.000000));
#1493=AXIS2_PLACEMENT_3D('',#1490,#1491,#1492);
#1494=PLANE('',#1493);
#1495=ADVANCED_FACE('',(#1489),#1494,.T.);
#1496=POLY_LOOP('',(#1464,#1468,#1469,#1465));
#1497=FACE_OUTER_BOUND('',#1496,.T.);
#1498=CARTESIAN_POINT('',(0.000000,-43.500000,-4.000000));
#1499=DIRECTION('',(0.000000,-1.000000,0.000000));
#1500=DIRECTION('',(1.000000,0.000000,0.000000));
#1501=AXIS2_PLACEMENT_3D('',#1498,#1499,#1500);
#1502=PLANE('',#1501);
#1503=ADVANCED_FACE('',(#1497),#1502,.T.);
#1504=POLY_LOOP('',(#1468,#1470,#1471,#1469));
#1505=FACE_OUTER_BOUND('',#1504,.T.);
#1506=CARTESIAN_POINT('',(0.320000,-43.180000,-4.000000));
#1507=DIRECTION('',(1.000000,0.000000,0.000000));
#1508=DIRECTION('',(0.000000,1.000000,0.000000));
#1509=AXIS2_PLACEMENT_3D('',#1506,#1507,#1508);
#1510=PLANE('',#1509);
#1511=ADVANCED_FACE('',(#1505),#1510,.T.);
#1512=POLY_LOOP('',(#1464,#1465,#1467,#1466));
#1513=FACE_OUTER_BOUND('',#1512,.T.);
#1514=CARTESIAN_POINT('',(-0.320000,-43.180000,-4.000000));
#1515=DIRECTION('',(-1.000000,0.000000,0.000000));
#1516=DIRECTION('',(0.000000,1.000000,0.000000));
#1517=AXIS2_PLACEMENT_3D('',#1514,#1515,#1516);
#1518=PLANE('',#1517);
#1519=ADVANCED_FACE('',(#1513),#1518,.T.);
#1520=CLOSED_SHELL('',(#1479,#1487,#1495,#1503,#1511,#1519));
#1521=MANIFOLD_SOLID_BREP('gpio_pin_l_17',#1520);
#1522=CARTESIAN_POINT('',(-0.320000,-46.040000,-8.000000));
#1523=CARTESIAN_POINT('',(-0.320000,-46.040000,0.000000));
#1524=CARTESIAN_POINT('',(-0.320000,-45.400000,-8.000000));
#1525=CARTESIAN_POINT('',(-0.320000,-45.400000,0.000000));
#1526=CARTESIAN_POINT('',(0.320000,-46.040000,-8.000000));
#1527=CARTESIAN_POINT('',(0.320000,-46.040000,0.000000));
#1528=CARTESIAN_POINT('',(0.320000,-45.400000,-8.000000));
#1529=CARTESIAN_POINT('',(0.320000,-45.400000,0.000000));
#1530=POLY_LOOP('',(#1523,#1527,#1529,#1525));
#1531=FACE_OUTER_BOUND('',#1530,.T.);
#1532=CARTESIAN_POINT('',(0.000000,-45.720000,0.000000));
#1533=DIRECTION('',(0.000000,0.000000,1.000000));
#1534=DIRECTION('',(1.000000,0.000000,0.000000));
#1535=AXIS2_PLACEMENT_3D('',#1532,#1533,#1534);
#1536=PLANE('',#1535);
#1537=ADVANCED_FACE('',(#1531),#1536,.T.);
#1538=POLY_LOOP('',(#1522,#1524,#1528,#1526));
#1539=FACE_OUTER_BOUND('',#1538,.T.);
#1540=CARTESIAN_POINT('',(0.000000,-45.720000,-8.000000));
#1541=DIRECTION('',(0.000000,0.000000,-1.000000));
#1542=DIRECTION('',(1.000000,0.000000,0.000000));
#1543=AXIS2_PLACEMENT_3D('',#1540,#1541,#1542);
#1544=PLANE('',#1543);
#1545=ADVANCED_FACE('',(#1539),#1544,.T.);
#1546=POLY_LOOP('',(#1524,#1525,#1529,#1528));
#1547=FACE_OUTER_BOUND('',#1546,.T.);
#1548=CARTESIAN_POINT('',(0.000000,-45.400000,-4.000000));
#1549=DIRECTION('',(0.000000,1.000000,0.000000));
#1550=DIRECTION('',(1.000000,0.000000,0.000000));
#1551=AXIS2_PLACEMENT_3D('',#1548,#1549,#1550);
#1552=PLANE('',#1551);
#1553=ADVANCED_FACE('',(#1547),#1552,.T.);
#1554=POLY_LOOP('',(#1522,#1526,#1527,#1523));
#1555=FACE_OUTER_BOUND('',#1554,.T.);
#1556=CARTESIAN_POINT('',(0.000000,-46.040000,-4.000000));
#1557=DIRECTION('',(0.000000,-1.000000,0.000000));
#1558=DIRECTION('',(1.000000,0.000000,0.000000));
#1559=AXIS2_PLACEMENT_3D('',#1556,#1557,#1558);
#1560=PLANE('',#1559);
#1561=ADVANCED_FACE('',(#1555),#1560,.T.);
#1562=POLY_LOOP('',(#1526,#1528,#1529,#1527));
#1563=FACE_OUTER_BOUND('',#1562,.T.);
#1564=CARTESIAN_POINT('',(0.320000,-45.720000,-4.000000));
#1565=DIRECTION('',(1.000000,0.000000,0.000000));
#1566=DIRECTION('',(0.000000,1.000000,0.000000));
#1567=AXIS2_PLACEMENT_3D('',#1564,#1565,#1566);
#1568=PLANE('',#1567);
#1569=ADVANCED_FACE('',(#1563),#1568,.T.);
#1570=POLY_LOOP('',(#1522,#1523,#1525,#1524));
#1571=FACE_OUTER_BOUND('',#1570,.T.);
#1572=CARTESIAN_POINT('',(-0.320000,-45.720000,-4.000000));
#1573=DIRECTION('',(-1.000000,0.000000,0.000000));
#1574=DIRECTION('',(0.000000,1.000000,0.000000));
#1575=AXIS2_PLACEMENT_3D('',#1572,#1573,#1574);
#1576=PLANE('',#1575);
#1577=ADVANCED_FACE('',(#1571),#1576,.T.);
#1578=CLOSED_SHELL('',(#1537,#1545,#1553,#1561,#1569,#1577));
#1579=MANIFOLD_SOLID_BREP('gpio_pin_l_18',#1578);
#1580=CARTESIAN_POINT('',(-0.320000,-48.580000,-8.000000));
#1581=CARTESIAN_POINT('',(-0.320000,-48.580000,0.000000));
#1582=CARTESIAN_POINT('',(-0.320000,-47.940000,-8.000000));
#1583=CARTESIAN_POINT('',(-0.320000,-47.940000,0.000000));
#1584=CARTESIAN_POINT('',(0.320000,-48.580000,-8.000000));
#1585=CARTESIAN_POINT('',(0.320000,-48.580000,0.000000));
#1586=CARTESIAN_POINT('',(0.320000,-47.940000,-8.000000));
#1587=CARTESIAN_POINT('',(0.320000,-47.940000,0.000000));
#1588=POLY_LOOP('',(#1581,#1585,#1587,#1583));
#1589=FACE_OUTER_BOUND('',#1588,.T.);
#1590=CARTESIAN_POINT('',(0.000000,-48.260000,0.000000));
#1591=DIRECTION('',(0.000000,0.000000,1.000000));
#1592=DIRECTION('',(1.000000,0.000000,0.000000));
#1593=AXIS2_PLACEMENT_3D('',#1590,#1591,#1592);
#1594=PLANE('',#1593);
#1595=ADVANCED_FACE('',(#1589),#1594,.T.);
#1596=POLY_LOOP('',(#1580,#1582,#1586,#1584));
#1597=FACE_OUTER_BOUND('',#1596,.T.);
#1598=CARTESIAN_POINT('',(0.000000,-48.260000,-8.000000));
#1599=DIRECTION('',(0.000000,0.000000,-1.000000));
#1600=DIRECTION('',(1.000000,0.000000,0.000000));
#1601=AXIS2_PLACEMENT_3D('',#1598,#1599,#1600);
#1602=PLANE('',#1601);
#1603=ADVANCED_FACE('',(#1597),#1602,.T.);
#1604=POLY_LOOP('',(#1582,#1583,#1587,#1586));
#1605=FACE_OUTER_BOUND('',#1604,.T.);
#1606=CARTESIAN_POINT('',(0.000000,-47.940000,-4.000000));
#1607=DIRECTION('',(0.000000,1.000000,0.000000));
#1608=DIRECTION('',(1.000000,0.000000,0.000000));
#1609=AXIS2_PLACEMENT_3D('',#1606,#1607,#1608);
#1610=PLANE('',#1609);
#1611=ADVANCED_FACE('',(#1605),#1610,.T.);
#1612=POLY_LOOP('',(#1580,#1584,#1585,#1581));
#1613=FACE_OUTER_BOUND('',#1612,.T.);
#1614=CARTESIAN_POINT('',(0.000000,-48.580000,-4.000000));
#1615=DIRECTION('',(0.000000,-1.000000,0.000000));
#1616=DIRECTION('',(1.000000,0.000000,0.000000));
#1617=AXIS2_PLACEMENT_3D('',#1614,#1615,#1616);
#1618=PLANE('',#1617);
#1619=ADVANCED_FACE('',(#1613),#1618,.T.);
#1620=POLY_LOOP('',(#1584,#1586,#1587,#1585));
#1621=FACE_OUTER_BOUND('',#1620,.T.);
#1622=CARTESIAN_POINT('',(0.320000,-48.260000,-4.000000));
#1623=DIRECTION('',(1.000000,0.000000,0.000000));
#1624=DIRECTION('',(0.000000,1.000000,0.000000));
#1625=AXIS2_PLACEMENT_3D('',#1622,#1623,#1624);
#1626=PLANE('',#1625);
#1627=ADVANCED_FACE('',(#1621),#1626,.T.);
#1628=POLY_LOOP('',(#1580,#1581,#1583,#1582));
#1629=FACE_OUTER_BOUND('',#1628,.T.);
#1630=CARTESIAN_POINT('',(-0.320000,-48.260000,-4.000000));
#1631=DIRECTION('',(-1.000000,0.000000,0.000000));
#1632=DIRECTION('',(0.000000,1.000000,0.000000));
#1633=AXIS2_PLACEMENT_3D('',#1630,#1631,#1632);
#1634=PLANE('',#1633);
#1635=ADVANCED_FACE('',(#1629),#1634,.T.);
#1636=CLOSED_SHELL('',(#1595,#1603,#1611,#1619,#1627,#1635));
#1637=MANIFOLD_SOLID_BREP('gpio_pin_l_19',#1636);
#1638=CARTESIAN_POINT('',(2.220000,-0.320000,-8.000000));
#1639=CARTESIAN_POINT('',(2.220000,-0.320000,0.000000));
#1640=CARTESIAN_POINT('',(2.220000,0.320000,-8.000000));
#1641=CARTESIAN_POINT('',(2.220000,0.320000,0.000000));
#1642=CARTESIAN_POINT('',(2.860000,-0.320000,-8.000000));
#1643=CARTESIAN_POINT('',(2.860000,-0.320000,0.000000));
#1644=CARTESIAN_POINT('',(2.860000,0.320000,-8.000000));
#1645=CARTESIAN_POINT('',(2.860000,0.320000,0.000000));
#1646=POLY_LOOP('',(#1639,#1643,#1645,#1641));
#1647=FACE_OUTER_BOUND('',#1646,.T.);
#1648=CARTESIAN_POINT('',(2.540000,0.000000,0.000000));
#1649=DIRECTION('',(0.000000,0.000000,1.000000));
#1650=DIRECTION('',(1.000000,0.000000,0.000000));
#1651=AXIS2_PLACEMENT_3D('',#1648,#1649,#1650);
#1652=PLANE('',#1651);
#1653=ADVANCED_FACE('',(#1647),#1652,.T.);
#1654=POLY_LOOP('',(#1638,#1640,#1644,#1642));
#1655=FACE_OUTER_BOUND('',#1654,.T.);
#1656=CARTESIAN_POINT('',(2.540000,0.000000,-8.000000));
#1657=DIRECTION('',(0.000000,0.000000,-1.000000));
#1658=DIRECTION('',(1.000000,0.000000,0.000000));
#1659=AXIS2_PLACEMENT_3D('',#1656,#1657,#1658);
#1660=PLANE('',#1659);
#1661=ADVANCED_FACE('',(#1655),#1660,.T.);
#1662=POLY_LOOP('',(#1640,#1641,#1645,#1644));
#1663=FACE_OUTER_BOUND('',#1662,.T.);
#1664=CARTESIAN_POINT('',(2.540000,0.320000,-4.000000));
#1665=DIRECTION('',(0.000000,1.000000,0.000000));
#1666=DIRECTION('',(1.000000,0.000000,0.000000));
#1667=AXIS2_PLACEMENT_3D('',#1664,#1665,#1666);
#1668=PLANE('',#1667);
#1669=ADVANCED_FACE('',(#1663),#1668,.T.);
#1670=POLY_LOOP('',(#1638,#1642,#1643,#1639));
#1671=FACE_OUTER_BOUND('',#1670,.T.);
#1672=CARTESIAN_POINT('',(2.540000,-0.320000,-4.000000));
#1673=DIRECTION('',(0.000000,-1.000000,0.000000));
#1674=DIRECTION('',(1.000000,0.000000,0.000000));
#1675=AXIS2_PLACEMENT_3D('',#1672,#1673,#1674);
#1676=PLANE('',#1675);
#1677=ADVANCED_FACE('',(#1671),#1676,.T.);
#1678=POLY_LOOP('',(#1642,#1644,#1645,#1643));
#1679=FACE_OUTER_BOUND('',#1678,.T.);
#1680=CARTESIAN_POINT('',(2.860000,0.000000,-4.000000));
#1681=DIRECTION('',(1.000000,0.000000,0.000000));
#1682=DIRECTION('',(0.000000,1.000000,0.000000));
#1683=AXIS2_PLACEMENT_3D('',#1680,#1681,#1682);
#1684=PLANE('',#1683);
#1685=ADVANCED_FACE('',(#1679),#1684,.T.);
#1686=POLY_LOOP('',(#1638,#1639,#1641,#1640));
#1687=FACE_OUTER_BOUND('',#1686,.T.);
#1688=CARTESIAN_POINT('',(2.220000,0.000000,-4.000000));
#1689=DIRECTION('',(-1.000000,0.000000,0.000000));
#1690=DIRECTION('',(0.000000,1.000000,0.000000));
#1691=AXIS2_PLACEMENT_3D('',#1688,#1689,#1690);
#1692=PLANE('',#1691);
#1693=ADVANCED_FACE('',(#1687),#1692,.T.);
#1694=CLOSED_SHELL('',(#1653,#1661,#1669,#1677,#1685,#1693));
#1695=MANIFOLD_SOLID_BREP('gpio_pin_r_0',#1694);
#1696=CARTESIAN_POINT('',(2.220000,-2.860000,-8.000000));
#1697=CARTESIAN_POINT('',(2.220000,-2.860000,0.000000));
#1698=CARTESIAN_POINT('',(2.220000,-2.220000,-8.000000));
#1699=CARTESIAN_POINT('',(2.220000,-2.220000,0.000000));
#1700=CARTESIAN_POINT('',(2.860000,-2.860000,-8.000000));
#1701=CARTESIAN_POINT('',(2.860000,-2.860000,0.000000));
#1702=CARTESIAN_POINT('',(2.860000,-2.220000,-8.000000));
#1703=CARTESIAN_POINT('',(2.860000,-2.220000,0.000000));
#1704=POLY_LOOP('',(#1697,#1701,#1703,#1699));
#1705=FACE_OUTER_BOUND('',#1704,.T.);
#1706=CARTESIAN_POINT('',(2.540000,-2.540000,0.000000));
#1707=DIRECTION('',(0.000000,0.000000,1.000000));
#1708=DIRECTION('',(1.000000,0.000000,0.000000));
#1709=AXIS2_PLACEMENT_3D('',#1706,#1707,#1708);
#1710=PLANE('',#1709);
#1711=ADVANCED_FACE('',(#1705),#1710,.T.);
#1712=POLY_LOOP('',(#1696,#1698,#1702,#1700));
#1713=FACE_OUTER_BOUND('',#1712,.T.);
#1714=CARTESIAN_POINT('',(2.540000,-2.540000,-8.000000));
#1715=DIRECTION('',(0.000000,0.000000,-1.000000));
#1716=DIRECTION('',(1.000000,0.000000,0.000000));
#1717=AXIS2_PLACEMENT_3D('',#1714,#1715,#1716);
#1718=PLANE('',#1717);
#1719=ADVANCED_FACE('',(#1713),#1718,.T.);
#1720=POLY_LOOP('',(#1698,#1699,#1703,#1702));
#1721=FACE_OUTER_BOUND('',#1720,.T.);
#1722=CARTESIAN_POINT('',(2.540000,-2.220000,-4.000000));
#1723=DIRECTION('',(0.000000,1.000000,0.000000));
#1724=DIRECTION('',(1.000000,0.000000,0.000000));
#1725=AXIS2_PLACEMENT_3D('',#1722,#1723,#1724);
#1726=PLANE('',#1725);
#1727=ADVANCED_FACE('',(#1721),#1726,.T.);
#1728=POLY_LOOP('',(#1696,#1700,#1701,#1697));
#1729=FACE_OUTER_BOUND('',#1728,.T.);
#1730=CARTESIAN_POINT('',(2.540000,-2.860000,-4.000000));
#1731=DIRECTION('',(0.000000,-1.000000,0.000000));
#1732=DIRECTION('',(1.000000,0.000000,0.000000));
#1733=AXIS2_PLACEMENT_3D('',#1730,#1731,#1732);
#1734=PLANE('',#1733);
#1735=ADVANCED_FACE('',(#1729),#1734,.T.);
#1736=POLY_LOOP('',(#1700,#1702,#1703,#1701));
#1737=FACE_OUTER_BOUND('',#1736,.T.);
#1738=CARTESIAN_POINT('',(2.860000,-2.540000,-4.000000));
#1739=DIRECTION('',(1.000000,0.000000,0.000000));
#1740=DIRECTION('',(0.000000,1.000000,0.000000));
#1741=AXIS2_PLACEMENT_3D('',#1738,#1739,#1740);
#1742=PLANE('',#1741);
#1743=ADVANCED_FACE('',(#1737),#1742,.T.);
#1744=POLY_LOOP('',(#1696,#1697,#1699,#1698));
#1745=FACE_OUTER_BOUND('',#1744,.T.);
#1746=CARTESIAN_POINT('',(2.220000,-2.540000,-4.000000));
#1747=DIRECTION('',(-1.000000,0.000000,0.000000));
#1748=DIRECTION('',(0.000000,1.000000,0.000000));
#1749=AXIS2_PLACEMENT_3D('',#1746,#1747,#1748);
#1750=PLANE('',#1749);
#1751=ADVANCED_FACE('',(#1745),#1750,.T.);
#1752=CLOSED_SHELL('',(#1711,#1719,#1727,#1735,#1743,#1751));
#1753=MANIFOLD_SOLID_BREP('gpio_pin_r_1',#1752);
#1754=CARTESIAN_POINT('',(2.220000,-5.400000,-8.000000));
#1755=CARTESIAN_POINT('',(2.220000,-5.400000,0.000000));
#1756=CARTESIAN_POINT('',(2.220000,-4.760000,-8.000000));
#1757=CARTESIAN_POINT('',(2.220000,-4.760000,0.000000));
#1758=CARTESIAN_POINT('',(2.860000,-5.400000,-8.000000));
#1759=CARTESIAN_POINT('',(2.860000,-5.400000,0.000000));
#1760=CARTESIAN_POINT('',(2.860000,-4.760000,-8.000000));
#1761=CARTESIAN_POINT('',(2.860000,-4.760000,0.000000));
#1762=POLY_LOOP('',(#1755,#1759,#1761,#1757));
#1763=FACE_OUTER_BOUND('',#1762,.T.);
#1764=CARTESIAN_POINT('',(2.540000,-5.080000,0.000000));
#1765=DIRECTION('',(0.000000,0.000000,1.000000));
#1766=DIRECTION('',(1.000000,0.000000,0.000000));
#1767=AXIS2_PLACEMENT_3D('',#1764,#1765,#1766);
#1768=PLANE('',#1767);
#1769=ADVANCED_FACE('',(#1763),#1768,.T.);
#1770=POLY_LOOP('',(#1754,#1756,#1760,#1758));
#1771=FACE_OUTER_BOUND('',#1770,.T.);
#1772=CARTESIAN_POINT('',(2.540000,-5.080000,-8.000000));
#1773=DIRECTION('',(0.000000,0.000000,-1.000000));
#1774=DIRECTION('',(1.000000,0.000000,0.000000));
#1775=AXIS2_PLACEMENT_3D('',#1772,#1773,#1774);
#1776=PLANE('',#1775);
#1777=ADVANCED_FACE('',(#1771),#1776,.T.);
#1778=POLY_LOOP('',(#1756,#1757,#1761,#1760));
#1779=FACE_OUTER_BOUND('',#1778,.T.);
#1780=CARTESIAN_POINT('',(2.540000,-4.760000,-4.000000));
#1781=DIRECTION('',(0.000000,1.000000,0.000000));
#1782=DIRECTION('',(1.000000,0.000000,0.000000));
#1783=AXIS2_PLACEMENT_3D('',#1780,#1781,#1782);
#1784=PLANE('',#1783);
#1785=ADVANCED_FACE('',(#1779),#1784,.T.);
#1786=POLY_LOOP('',(#1754,#1758,#1759,#1755));
#1787=FACE_OUTER_BOUND('',#1786,.T.);
#1788=CARTESIAN_POINT('',(2.540000,-5.400000,-4.000000));
#1789=DIRECTION('',(0.000000,-1.000000,0.000000));
#1790=DIRECTION('',(1.000000,0.000000,0.000000));
#1791=AXIS2_PLACEMENT_3D('',#1788,#1789,#1790);
#1792=PLANE('',#1791);
#1793=ADVANCED_FACE('',(#1787),#1792,.T.);
#1794=POLY_LOOP('',(#1758,#1760,#1761,#1759));
#1795=FACE_OUTER_BOUND('',#1794,.T.);
#1796=CARTESIAN_POINT('',(2.860000,-5.080000,-4.000000));
#1797=DIRECTION('',(1.000000,0.000000,0.000000));
#1798=DIRECTION('',(0.000000,1.000000,0.000000));
#1799=AXIS2_PLACEMENT_3D('',#1796,#1797,#1798);
#1800=PLANE('',#1799);
#1801=ADVANCED_FACE('',(#1795),#1800,.T.);
#1802=POLY_LOOP('',(#1754,#1755,#1757,#1756));
#1803=FACE_OUTER_BOUND('',#1802,.T.);
#1804=CARTESIAN_POINT('',(2.220000,-5.080000,-4.000000));
#1805=DIRECTION('',(-1.000000,0.000000,0.000000));
#1806=DIRECTION('',(0.000000,1.000000,0.000000));
#1807=AXIS2_PLACEMENT_3D('',#1804,#1805,#1806);
#1808=PLANE('',#1807);
#1809=ADVANCED_FACE('',(#1803),#1808,.T.);
#1810=CLOSED_SHELL('',(#1769,#1777,#1785,#1793,#1801,#1809));
#1811=MANIFOLD_SOLID_BREP('gpio_pin_r_2',#1810);
#1812=CARTESIAN_POINT('',(2.220000,-7.940000,-8.000000));
#1813=CARTESIAN_POINT('',(2.220000,-7.940000,0.000000));
#1814=CARTESIAN_POINT('',(2.220000,-7.300000,-8.000000));
#1815=CARTESIAN_POINT('',(2.220000,-7.300000,0.000000));
#1816=CARTESIAN_POINT('',(2.860000,-7.940000,-8.000000));
#1817=CARTESIAN_POINT('',(2.860000,-7.940000,0.000000));
#1818=CARTESIAN_POINT('',(2.860000,-7.300000,-8.000000));
#1819=CARTESIAN_POINT('',(2.860000,-7.300000,0.000000));
#1820=POLY_LOOP('',(#1813,#1817,#1819,#1815));
#1821=FACE_OUTER_BOUND('',#1820,.T.);
#1822=CARTESIAN_POINT('',(2.540000,-7.620000,0.000000));
#1823=DIRECTION('',(0.000000,0.000000,1.000000));
#1824=DIRECTION('',(1.000000,0.000000,0.000000));
#1825=AXIS2_PLACEMENT_3D('',#1822,#1823,#1824);
#1826=PLANE('',#1825);
#1827=ADVANCED_FACE('',(#1821),#1826,.T.);
#1828=POLY_LOOP('',(#1812,#1814,#1818,#1816));
#1829=FACE_OUTER_BOUND('',#1828,.T.);
#1830=CARTESIAN_POINT('',(2.540000,-7.620000,-8.000000));
#1831=DIRECTION('',(0.000000,0.000000,-1.000000));
#1832=DIRECTION('',(1.000000,0.000000,0.000000));
#1833=AXIS2_PLACEMENT_3D('',#1830,#1831,#1832);
#1834=PLANE('',#1833);
#1835=ADVANCED_FACE('',(#1829),#1834,.T.);
#1836=POLY_LOOP('',(#1814,#1815,#1819,#1818));
#1837=FACE_OUTER_BOUND('',#1836,.T.);
#1838=CARTESIAN_POINT('',(2.540000,-7.300000,-4.000000));
#1839=DIRECTION('',(0.000000,1.000000,0.000000));
#1840=DIRECTION('',(1.000000,0.000000,0.000000));
#1841=AXIS2_PLACEMENT_3D('',#1838,#1839,#1840);
#1842=PLANE('',#1841);
#1843=ADVANCED_FACE('',(#1837),#1842,.T.);
#1844=POLY_LOOP('',(#1812,#1816,#1817,#1813));
#1845=FACE_OUTER_BOUND('',#1844,.T.);
#1846=CARTESIAN_POINT('',(2.540000,-7.940000,-4.000000));
#1847=DIRECTION('',(0.000000,-1.000000,0.000000));
#1848=DIRECTION('',(1.000000,0.000000,0.000000));
#1849=AXIS2_PLACEMENT_3D('',#1846,#1847,#1848);
#1850=PLANE('',#1849);
#1851=ADVANCED_FACE('',(#1845),#1850,.T.);
#1852=POLY_LOOP('',(#1816,#1818,#1819,#1817));
#1853=FACE_OUTER_BOUND('',#1852,.T.);
#1854=CARTESIAN_POINT('',(2.860000,-7.620000,-4.000000));
#1855=DIRECTION('',(1.000000,0.000000,0.000000));
#1856=DIRECTION('',(0.000000,1.000000,0.000000));
#1857=AXIS2_PLACEMENT_3D('',#1854,#1855,#1856);
#1858=PLANE('',#1857);
#1859=ADVANCED_FACE('',(#1853),#1858,.T.);
#1860=POLY_LOOP('',(#1812,#1813,#1815,#1814));
#1861=FACE_OUTER_BOUND('',#1860,.T.);
#1862=CARTESIAN_POINT('',(2.220000,-7.620000,-4.000000));
#1863=DIRECTION('',(-1.000000,0.000000,0.000000));
#1864=DIRECTION('',(0.000000,1.000000,0.000000));
#1865=AXIS2_PLACEMENT_3D('',#1862,#1863,#1864);
#1866=PLANE('',#1865);
#1867=ADVANCED_FACE('',(#1861),#1866,.T.);
#1868=CLOSED_SHELL('',(#1827,#1835,#1843,#1851,#1859,#1867));
#1869=MANIFOLD_SOLID_BREP('gpio_pin_r_3',#1868);
#1870=CARTESIAN_POINT('',(2.220000,-10.480000,-8.000000));
#1871=CARTESIAN_POINT('',(2.220000,-10.480000,0.000000));
#1872=CARTESIAN_POINT('',(2.220000,-9.840000,-8.000000));
#1873=CARTESIAN_POINT('',(2.220000,-9.840000,0.000000));
#1874=CARTESIAN_POINT('',(2.860000,-10.480000,-8.000000));
#1875=CARTESIAN_POINT('',(2.860000,-10.480000,0.000000));
#1876=CARTESIAN_POINT('',(2.860000,-9.840000,-8.000000));
#1877=CARTESIAN_POINT('',(2.860000,-9.840000,0.000000));
#1878=POLY_LOOP('',(#1871,#1875,#1877,#1873));
#1879=FACE_OUTER_BOUND('',#1878,.T.);
#1880=CARTESIAN_POINT('',(2.540000,-10.160000,0.000000));
#1881=DIRECTION('',(0.000000,0.000000,1.000000));
#1882=DIRECTION('',(1.000000,0.000000,0.000000));
#1883=AXIS2_PLACEMENT_3D('',#1880,#1881,#1882);
#1884=PLANE('',#1883);
#1885=ADVANCED_FACE('',(#1879),#1884,.T.);
#1886=POLY_LOOP('',(#1870,#1872,#1876,#1874));
#1887=FACE_OUTER_BOUND('',#1886,.T.);
#1888=CARTESIAN_POINT('',(2.540000,-10.160000,-8.000000));
#1889=DIRECTION('',(0.000000,0.000000,-1.000000));
#1890=DIRECTION('',(1.000000,0.000000,0.000000));
#1891=AXIS2_PLACEMENT_3D('',#1888,#1889,#1890);
#1892=PLANE('',#1891);
#1893=ADVANCED_FACE('',(#1887),#1892,.T.);
#1894=POLY_LOOP('',(#1872,#1873,#1877,#1876));
#1895=FACE_OUTER_BOUND('',#1894,.T.);
#1896=CARTESIAN_POINT('',(2.540000,-9.840000,-4.000000));
#1897=DIRECTION('',(0.000000,1.000000,0.000000));
#1898=DIRECTION('',(1.000000,0.000000,0.000000));
#1899=AXIS2_PLACEMENT_3D('',#1896,#1897,#1898);
#1900=PLANE('',#1899);
#1901=ADVANCED_FACE('',(#1895),#1900,.T.);
#1902=POLY_LOOP('',(#1870,#1874,#1875,#1871));
#1903=FACE_OUTER_BOUND('',#1902,.T.);
#1904=CARTESIAN_POINT('',(2.540000,-10.480000,-4.000000));
#1905=DIRECTION('',(0.000000,-1.000000,0.000000));
#1906=DIRECTION('',(1.000000,0.000000,0.000000));
#1907=AXIS2_PLACEMENT_3D('',#1904,#1905,#1906);
#1908=PLANE('',#1907);
#1909=ADVANCED_FACE('',(#1903),#1908,.T.);
#1910=POLY_LOOP('',(#1874,#1876,#1877,#1875));
#1911=FACE_OUTER_BOUND('',#1910,.T.);
#1912=CARTESIAN_POINT('',(2.860000,-10.160000,-4.000000));
#1913=DIRECTION('',(1.000000,0.000000,0.000000));
#1914=DIRECTION('',(0.000000,1.000000,0.000000));
#1915=AXIS2_PLACEMENT_3D('',#1912,#1913,#1914);
#1916=PLANE('',#1915);
#1917=ADVANCED_FACE('',(#1911),#1916,.T.);
#1918=POLY_LOOP('',(#1870,#1871,#1873,#1872));
#1919=FACE_OUTER_BOUND('',#1918,.T.);
#1920=CARTESIAN_POINT('',(2.220000,-10.160000,-4.000000));
#1921=DIRECTION('',(-1.000000,0.000000,0.000000));
#1922=DIRECTION('',(0.000000,1.000000,0.000000));
#1923=AXIS2_PLACEMENT_3D('',#1920,#1921,#1922);
#1924=PLANE('',#1923);
#1925=ADVANCED_FACE('',(#1919),#1924,.T.);
#1926=CLOSED_SHELL('',(#1885,#1893,#1901,#1909,#1917,#1925));
#1927=MANIFOLD_SOLID_BREP('gpio_pin_r_4',#1926);
#1928=CARTESIAN_POINT('',(2.220000,-13.020000,-8.000000));
#1929=CARTESIAN_POINT('',(2.220000,-13.020000,0.000000));
#1930=CARTESIAN_POINT('',(2.220000,-12.380000,-8.000000));
#1931=CARTESIAN_POINT('',(2.220000,-12.380000,0.000000));
#1932=CARTESIAN_POINT('',(2.860000,-13.020000,-8.000000));
#1933=CARTESIAN_POINT('',(2.860000,-13.020000,0.000000));
#1934=CARTESIAN_POINT('',(2.860000,-12.380000,-8.000000));
#1935=CARTESIAN_POINT('',(2.860000,-12.380000,0.000000));
#1936=POLY_LOOP('',(#1929,#1933,#1935,#1931));
#1937=FACE_OUTER_BOUND('',#1936,.T.);
#1938=CARTESIAN_POINT('',(2.540000,-12.700000,0.000000));
#1939=DIRECTION('',(0.000000,0.000000,1.000000));
#1940=DIRECTION('',(1.000000,0.000000,0.000000));
#1941=AXIS2_PLACEMENT_3D('',#1938,#1939,#1940);
#1942=PLANE('',#1941);
#1943=ADVANCED_FACE('',(#1937),#1942,.T.);
#1944=POLY_LOOP('',(#1928,#1930,#1934,#1932));
#1945=FACE_OUTER_BOUND('',#1944,.T.);
#1946=CARTESIAN_POINT('',(2.540000,-12.700000,-8.000000));
#1947=DIRECTION('',(0.000000,0.000000,-1.000000));
#1948=DIRECTION('',(1.000000,0.000000,0.000000));
#1949=AXIS2_PLACEMENT_3D('',#1946,#1947,#1948);
#1950=PLANE('',#1949);
#1951=ADVANCED_FACE('',(#1945),#1950,.T.);
#1952=POLY_LOOP('',(#1930,#1931,#1935,#1934));
#1953=FACE_OUTER_BOUND('',#1952,.T.);
#1954=CARTESIAN_POINT('',(2.540000,-12.380000,-4.000000));
#1955=DIRECTION('',(0.000000,1.000000,0.000000));
#1956=DIRECTION('',(1.000000,0.000000,0.000000));
#1957=AXIS2_PLACEMENT_3D('',#1954,#1955,#1956);
#1958=PLANE('',#1957);
#1959=ADVANCED_FACE('',(#1953),#1958,.T.);
#1960=POLY_LOOP('',(#1928,#1932,#1933,#1929));
#1961=FACE_OUTER_BOUND('',#1960,.T.);
#1962=CARTESIAN_POINT('',(2.540000,-13.020000,-4.000000));
#1963=DIRECTION('',(0.000000,-1.000000,0.000000));
#1964=DIRECTION('',(1.000000,0.000000,0.000000));
#1965=AXIS2_PLACEMENT_3D('',#1962,#1963,#1964);
#1966=PLANE('',#1965);
#1967=ADVANCED_FACE('',(#1961),#1966,.T.);
#1968=POLY_LOOP('',(#1932,#1934,#1935,#1933));
#1969=FACE_OUTER_BOUND('',#1968,.T.);
#1970=CARTESIAN_POINT('',(2.860000,-12.700000,-4.000000));
#1971=DIRECTION('',(1.000000,0.000000,0.000000));
#1972=DIRECTION('',(0.000000,1.000000,0.000000));
#1973=AXIS2_PLACEMENT_3D('',#1970,#1971,#1972);
#1974=PLANE('',#1973);
#1975=ADVANCED_FACE('',(#1969),#1974,.T.);
#1976=POLY_LOOP('',(#1928,#1929,#1931,#1930));
#1977=FACE_OUTER_BOUND('',#1976,.T.);
#1978=CARTESIAN_POINT('',(2.220000,-12.700000,-4.000000));
#1979=DIRECTION('',(-1.000000,0.000000,0.000000));
#1980=DIRECTION('',(0.000000,1.000000,0.000000));
#1981=AXIS2_PLACEMENT_3D('',#1978,#1979,#1980);
#1982=PLANE('',#1981);
#1983=ADVANCED_FACE('',(#1977),#1982,.T.);
#1984=CLOSED_SHELL('',(#1943,#1951,#1959,#1967,#1975,#1983));
#1985=MANIFOLD_SOLID_BREP('gpio_pin_r_5',#1984);
#1986=CARTESIAN_POINT('',(2.220000,-15.560000,-8.000000));
#1987=CARTESIAN_POINT('',(2.220000,-15.560000,0.000000));
#1988=CARTESIAN_POINT('',(2.220000,-14.920000,-8.000000));
#1989=CARTESIAN_POINT('',(2.220000,-14.920000,0.000000));
#1990=CARTESIAN_POINT('',(2.860000,-15.560000,-8.000000));
#1991=CARTESIAN_POINT('',(2.860000,-15.560000,0.000000));
#1992=CARTESIAN_POINT('',(2.860000,-14.920000,-8.000000));
#1993=CARTESIAN_POINT('',(2.860000,-14.920000,0.000000));
#1994=POLY_LOOP('',(#1987,#1991,#1993,#1989));
#1995=FACE_OUTER_BOUND('',#1994,.T.);
#1996=CARTESIAN_POINT('',(2.540000,-15.240000,0.000000));
#1997=DIRECTION('',(0.000000,0.000000,1.000000));
#1998=DIRECTION('',(1.000000,0.000000,0.000000));
#1999=AXIS2_PLACEMENT_3D('',#1996,#1997,#1998);
#2000=PLANE('',#1999);
#2001=ADVANCED_FACE('',(#1995),#2000,.T.);
#2002=POLY_LOOP('',(#1986,#1988,#1992,#1990));
#2003=FACE_OUTER_BOUND('',#2002,.T.);
#2004=CARTESIAN_POINT('',(2.540000,-15.240000,-8.000000));
#2005=DIRECTION('',(0.000000,0.000000,-1.000000));
#2006=DIRECTION('',(1.000000,0.000000,0.000000));
#2007=AXIS2_PLACEMENT_3D('',#2004,#2005,#2006);
#2008=PLANE('',#2007);
#2009=ADVANCED_FACE('',(#2003),#2008,.T.);
#2010=POLY_LOOP('',(#1988,#1989,#1993,#1992));
#2011=FACE_OUTER_BOUND('',#2010,.T.);
#2012=CARTESIAN_POINT('',(2.540000,-14.920000,-4.000000));
#2013=DIRECTION('',(0.000000,1.000000,0.000000));
#2014=DIRECTION('',(1.000000,0.000000,0.000000));
#2015=AXIS2_PLACEMENT_3D('',#2012,#2013,#2014);
#2016=PLANE('',#2015);
#2017=ADVANCED_FACE('',(#2011),#2016,.T.);
#2018=POLY_LOOP('',(#1986,#1990,#1991,#1987));
#2019=FACE_OUTER_BOUND('',#2018,.T.);
#2020=CARTESIAN_POINT('',(2.540000,-15.560000,-4.000000));
#2021=DIRECTION('',(0.000000,-1.000000,0.000000));
#2022=DIRECTION('',(1.000000,0.000000,0.000000));
#2023=AXIS2_PLACEMENT_3D('',#2020,#2021,#2022);
#2024=PLANE('',#2023);
#2025=ADVANCED_FACE('',(#2019),#2024,.T.);
#2026=POLY_LOOP('',(#1990,#1992,#1993,#1991));
#2027=FACE_OUTER_BOUND('',#2026,.T.);
#2028=CARTESIAN_POINT('',(2.860000,-15.240000,-4.000000));
#2029=DIRECTION('',(1.000000,0.000000,0.000000));
#2030=DIRECTION('',(0.000000,1.000000,0.000000));
#2031=AXIS2_PLACEMENT_3D('',#2028,#2029,#2030);
#2032=PLANE('',#2031);
#2033=ADVANCED_FACE('',(#2027),#2032,.T.);
#2034=POLY_LOOP('',(#1986,#1987,#1989,#1988));
#2035=FACE_OUTER_BOUND('',#2034,.T.);
#2036=CARTESIAN_POINT('',(2.220000,-15.240000,-4.000000));
#2037=DIRECTION('',(-1.000000,0.000000,0.000000));
#2038=DIRECTION('',(0.000000,1.000000,0.000000));
#2039=AXIS2_PLACEMENT_3D('',#2036,#2037,#2038);
#2040=PLANE('',#2039);
#2041=ADVANCED_FACE('',(#2035),#2040,.T.);
#2042=CLOSED_SHELL('',(#2001,#2009,#2017,#2025,#2033,#2041));
#2043=MANIFOLD_SOLID_BREP('gpio_pin_r_6',#2042);
#2044=CARTESIAN_POINT('',(2.220000,-18.100000,-8.000000));
#2045=CARTESIAN_POINT('',(2.220000,-18.100000,0.000000));
#2046=CARTESIAN_POINT('',(2.220000,-17.460000,-8.000000));
#2047=CARTESIAN_POINT('',(2.220000,-17.460000,0.000000));
#2048=CARTESIAN_POINT('',(2.860000,-18.100000,-8.000000));
#2049=CARTESIAN_POINT('',(2.860000,-18.100000,0.000000));
#2050=CARTESIAN_POINT('',(2.860000,-17.460000,-8.000000));
#2051=CARTESIAN_POINT('',(2.860000,-17.460000,0.000000));
#2052=POLY_LOOP('',(#2045,#2049,#2051,#2047));
#2053=FACE_OUTER_BOUND('',#2052,.T.);
#2054=CARTESIAN_POINT('',(2.540000,-17.780000,0.000000));
#2055=DIRECTION('',(0.000000,0.000000,1.000000));
#2056=DIRECTION('',(1.000000,0.000000,0.000000));
#2057=AXIS2_PLACEMENT_3D('',#2054,#2055,#2056);
#2058=PLANE('',#2057);
#2059=ADVANCED_FACE('',(#2053),#2058,.T.);
#2060=POLY_LOOP('',(#2044,#2046,#2050,#2048));
#2061=FACE_OUTER_BOUND('',#2060,.T.);
#2062=CARTESIAN_POINT('',(2.540000,-17.780000,-8.000000));
#2063=DIRECTION('',(0.000000,0.000000,-1.000000));
#2064=DIRECTION('',(1.000000,0.000000,0.000000));
#2065=AXIS2_PLACEMENT_3D('',#2062,#2063,#2064);
#2066=PLANE('',#2065);
#2067=ADVANCED_FACE('',(#2061),#2066,.T.);
#2068=POLY_LOOP('',(#2046,#2047,#2051,#2050));
#2069=FACE_OUTER_BOUND('',#2068,.T.);
#2070=CARTESIAN_POINT('',(2.540000,-17.460000,-4.000000));
#2071=DIRECTION('',(0.000000,1.000000,0.000000));
#2072=DIRECTION('',(1.000000,0.000000,0.000000));
#2073=AXIS2_PLACEMENT_3D('',#2070,#2071,#2072);
#2074=PLANE('',#2073);
#2075=ADVANCED_FACE('',(#2069),#2074,.T.);
#2076=POLY_LOOP('',(#2044,#2048,#2049,#2045));
#2077=FACE_OUTER_BOUND('',#2076,.T.);
#2078=CARTESIAN_POINT('',(2.540000,-18.100000,-4.000000));
#2079=DIRECTION('',(0.000000,-1.000000,0.000000));
#2080=DIRECTION('',(1.000000,0.000000,0.000000));
#2081=AXIS2_PLACEMENT_3D('',#2078,#2079,#2080);
#2082=PLANE('',#2081);
#2083=ADVANCED_FACE('',(#2077),#2082,.T.);
#2084=POLY_LOOP('',(#2048,#2050,#2051,#2049));
#2085=FACE_OUTER_BOUND('',#2084,.T.);
#2086=CARTESIAN_POINT('',(2.860000,-17.780000,-4.000000));
#2087=DIRECTION('',(1.000000,0.000000,0.000000));
#2088=DIRECTION('',(0.000000,1.000000,0.000000));
#2089=AXIS2_PLACEMENT_3D('',#2086,#2087,#2088);
#2090=PLANE('',#2089);
#2091=ADVANCED_FACE('',(#2085),#2090,.T.);
#2092=POLY_LOOP('',(#2044,#2045,#2047,#2046));
#2093=FACE_OUTER_BOUND('',#2092,.T.);
#2094=CARTESIAN_POINT('',(2.220000,-17.780000,-4.000000));
#2095=DIRECTION('',(-1.000000,0.000000,0.000000));
#2096=DIRECTION('',(0.000000,1.000000,0.000000));
#2097=AXIS2_PLACEMENT_3D('',#2094,#2095,#2096);
#2098=PLANE('',#2097);
#2099=ADVANCED_FACE('',(#2093),#2098,.T.);
#2100=CLOSED_SHELL('',(#2059,#2067,#2075,#2083,#2091,#2099));
#2101=MANIFOLD_SOLID_BREP('gpio_pin_r_7',#2100);
#2102=CARTESIAN_POINT('',(2.220000,-20.640000,-8.000000));
#2103=CARTESIAN_POINT('',(2.220000,-20.640000,0.000000));
#2104=CARTESIAN_POINT('',(2.220000,-20.000000,-8.000000));
#2105=CARTESIAN_POINT('',(2.220000,-20.000000,0.000000));
#2106=CARTESIAN_POINT('',(2.860000,-20.640000,-8.000000));
#2107=CARTESIAN_POINT('',(2.860000,-20.640000,0.000000));
#2108=CARTESIAN_POINT('',(2.860000,-20.000000,-8.000000));
#2109=CARTESIAN_POINT('',(2.860000,-20.000000,0.000000));
#2110=POLY_LOOP('',(#2103,#2107,#2109,#2105));
#2111=FACE_OUTER_BOUND('',#2110,.T.);
#2112=CARTESIAN_POINT('',(2.540000,-20.320000,0.000000));
#2113=DIRECTION('',(0.000000,0.000000,1.000000));
#2114=DIRECTION('',(1.000000,0.000000,0.000000));
#2115=AXIS2_PLACEMENT_3D('',#2112,#2113,#2114);
#2116=PLANE('',#2115);
#2117=ADVANCED_FACE('',(#2111),#2116,.T.);
#2118=POLY_LOOP('',(#2102,#2104,#2108,#2106));
#2119=FACE_OUTER_BOUND('',#2118,.T.);
#2120=CARTESIAN_POINT('',(2.540000,-20.320000,-8.000000));
#2121=DIRECTION('',(0.000000,0.000000,-1.000000));
#2122=DIRECTION('',(1.000000,0.000000,0.000000));
#2123=AXIS2_PLACEMENT_3D('',#2120,#2121,#2122);
#2124=PLANE('',#2123);
#2125=ADVANCED_FACE('',(#2119),#2124,.T.);
#2126=POLY_LOOP('',(#2104,#2105,#2109,#2108));
#2127=FACE_OUTER_BOUND('',#2126,.T.);
#2128=CARTESIAN_POINT('',(2.540000,-20.000000,-4.000000));
#2129=DIRECTION('',(0.000000,1.000000,0.000000));
#2130=DIRECTION('',(1.000000,0.000000,0.000000));
#2131=AXIS2_PLACEMENT_3D('',#2128,#2129,#2130);
#2132=PLANE('',#2131);
#2133=ADVANCED_FACE('',(#2127),#2132,.T.);
#2134=POLY_LOOP('',(#2102,#2106,#2107,#2103));
#2135=FACE_OUTER_BOUND('',#2134,.T.);
#2136=CARTESIAN_POINT('',(2.540000,-20.640000,-4.000000));
#2137=DIRECTION('',(0.000000,-1.000000,0.000000));
#2138=DIRECTION('',(1.000000,0.000000,0.000000));
#2139=AXIS2_PLACEMENT_3D('',#2136,#2137,#2138);
#2140=PLANE('',#2139);
#2141=ADVANCED_FACE('',(#2135),#2140,.T.);
#2142=POLY_LOOP('',(#2106,#2108,#2109,#2107));
#2143=FACE_OUTER_BOUND('',#2142,.T.);
#2144=CARTESIAN_POINT('',(2.860000,-20.320000,-4.000000));
#2145=DIRECTION('',(1.000000,0.000000,0.000000));
#2146=DIRECTION('',(0.000000,1.000000,0.000000));
#2147=AXIS2_PLACEMENT_3D('',#2144,#2145,#2146);
#2148=PLANE('',#2147);
#2149=ADVANCED_FACE('',(#2143),#2148,.T.);
#2150=POLY_LOOP('',(#2102,#2103,#2105,#2104));
#2151=FACE_OUTER_BOUND('',#2150,.T.);
#2152=CARTESIAN_POINT('',(2.220000,-20.320000,-4.000000));
#2153=DIRECTION('',(-1.000000,0.000000,0.000000));
#2154=DIRECTION('',(0.000000,1.000000,0.000000));
#2155=AXIS2_PLACEMENT_3D('',#2152,#2153,#2154);
#2156=PLANE('',#2155);
#2157=ADVANCED_FACE('',(#2151),#2156,.T.);
#2158=CLOSED_SHELL('',(#2117,#2125,#2133,#2141,#2149,#2157));
#2159=MANIFOLD_SOLID_BREP('gpio_pin_r_8',#2158);
#2160=CARTESIAN_POINT('',(2.220000,-23.180000,-8.000000));
#2161=CARTESIAN_POINT('',(2.220000,-23.180000,0.000000));
#2162=CARTESIAN_POINT('',(2.220000,-22.540000,-8.000000));
#2163=CARTESIAN_POINT('',(2.220000,-22.540000,0.000000));
#2164=CARTESIAN_POINT('',(2.860000,-23.180000,-8.000000));
#2165=CARTESIAN_POINT('',(2.860000,-23.180000,0.000000));
#2166=CARTESIAN_POINT('',(2.860000,-22.540000,-8.000000));
#2167=CARTESIAN_POINT('',(2.860000,-22.540000,0.000000));
#2168=POLY_LOOP('',(#2161,#2165,#2167,#2163));
#2169=FACE_OUTER_BOUND('',#2168,.T.);
#2170=CARTESIAN_POINT('',(2.540000,-22.860000,0.000000));
#2171=DIRECTION('',(0.000000,0.000000,1.000000));
#2172=DIRECTION('',(1.000000,0.000000,0.000000));
#2173=AXIS2_PLACEMENT_3D('',#2170,#2171,#2172);
#2174=PLANE('',#2173);
#2175=ADVANCED_FACE('',(#2169),#2174,.T.);
#2176=POLY_LOOP('',(#2160,#2162,#2166,#2164));
#2177=FACE_OUTER_BOUND('',#2176,.T.);
#2178=CARTESIAN_POINT('',(2.540000,-22.860000,-8.000000));
#2179=DIRECTION('',(0.000000,0.000000,-1.000000));
#2180=DIRECTION('',(1.000000,0.000000,0.000000));
#2181=AXIS2_PLACEMENT_3D('',#2178,#2179,#2180);
#2182=PLANE('',#2181);
#2183=ADVANCED_FACE('',(#2177),#2182,.T.);
#2184=POLY_LOOP('',(#2162,#2163,#2167,#2166));
#2185=FACE_OUTER_BOUND('',#2184,.T.);
#2186=CARTESIAN_POINT('',(2.540000,-22.540000,-4.000000));
#2187=DIRECTION('',(0.000000,1.000000,0.000000));
#2188=DIRECTION('',(1.000000,0.000000,0.000000));
#2189=AXIS2_PLACEMENT_3D('',#2186,#2187,#2188);
#2190=PLANE('',#2189);
#2191=ADVANCED_FACE('',(#2185),#2190,.T.);
#2192=POLY_LOOP('',(#2160,#2164,#2165,#2161));
#2193=FACE_OUTER_BOUND('',#2192,.T.);
#2194=CARTESIAN_POINT('',(2.540000,-23.180000,-4.000000));
#2195=DIRECTION('',(0.000000,-1.000000,0.000000));
#2196=DIRECTION('',(1.000000,0.000000,0.000000));
#2197=AXIS2_PLACEMENT_3D('',#2194,#2195,#2196);
#2198=PLANE('',#2197);
#2199=ADVANCED_FACE('',(#2193),#2198,.T.);
#2200=POLY_LOOP('',(#2164,#2166,#2167,#2165));
#2201=FACE_OUTER_BOUND('',#2200,.T.);
#2202=CARTESIAN_POINT('',(2.860000,-22.860000,-4.000000));
#2203=DIRECTION('',(1.000000,0.000000,0.000000));
#2204=DIRECTION('',(0.000000,1.000000,0.000000));
#2205=AXIS2_PLACEMENT_3D('',#2202,#2203,#2204);
#2206=PLANE('',#2205);
#2207=ADVANCED_FACE('',(#2201),#2206,.T.);
#2208=POLY_LOOP('',(#2160,#2161,#2163,#2162));
#2209=FACE_OUTER_BOUND('',#2208,.T.);
#2210=CARTESIAN_POINT('',(2.220000,-22.860000,-4.000000));
#2211=DIRECTION('',(-1.000000,0.000000,0.000000));
#2212=DIRECTION('',(0.000000,1.000000,0.000000));
#2213=AXIS2_PLACEMENT_3D('',#2210,#2211,#2212);
#2214=PLANE('',#2213);
#2215=ADVANCED_FACE('',(#2209),#2214,.T.);
#2216=CLOSED_SHELL('',(#2175,#2183,#2191,#2199,#2207,#2215));
#2217=MANIFOLD_SOLID_BREP('gpio_pin_r_9',#2216);
#2218=CARTESIAN_POINT('',(2.220000,-25.720000,-8.000000));
#2219=CARTESIAN_POINT('',(2.220000,-25.720000,0.000000));
#2220=CARTESIAN_POINT('',(2.220000,-25.080000,-8.000000));
#2221=CARTESIAN_POINT('',(2.220000,-25.080000,0.000000));
#2222=CARTESIAN_POINT('',(2.860000,-25.720000,-8.000000));
#2223=CARTESIAN_POINT('',(2.860000,-25.720000,0.000000));
#2224=CARTESIAN_POINT('',(2.860000,-25.080000,-8.000000));
#2225=CARTESIAN_POINT('',(2.860000,-25.080000,0.000000));
#2226=POLY_LOOP('',(#2219,#2223,#2225,#2221));
#2227=FACE_OUTER_BOUND('',#2226,.T.);
#2228=CARTESIAN_POINT('',(2.540000,-25.400000,0.000000));
#2229=DIRECTION('',(0.000000,0.000000,1.000000));
#2230=DIRECTION('',(1.000000,0.000000,0.000000));
#2231=AXIS2_PLACEMENT_3D('',#2228,#2229,#2230);
#2232=PLANE('',#2231);
#2233=ADVANCED_FACE('',(#2227),#2232,.T.);
#2234=POLY_LOOP('',(#2218,#2220,#2224,#2222));
#2235=FACE_OUTER_BOUND('',#2234,.T.);
#2236=CARTESIAN_POINT('',(2.540000,-25.400000,-8.000000));
#2237=DIRECTION('',(0.000000,0.000000,-1.000000));
#2238=DIRECTION('',(1.000000,0.000000,0.000000));
#2239=AXIS2_PLACEMENT_3D('',#2236,#2237,#2238);
#2240=PLANE('',#2239);
#2241=ADVANCED_FACE('',(#2235),#2240,.T.);
#2242=POLY_LOOP('',(#2220,#2221,#2225,#2224));
#2243=FACE_OUTER_BOUND('',#2242,.T.);
#2244=CARTESIAN_POINT('',(2.540000,-25.080000,-4.000000));
#2245=DIRECTION('',(0.000000,1.000000,0.000000));
#2246=DIRECTION('',(1.000000,0.000000,0.000000));
#2247=AXIS2_PLACEMENT_3D('',#2244,#2245,#2246);
#2248=PLANE('',#2247);
#2249=ADVANCED_FACE('',(#2243),#2248,.T.);
#2250=POLY_LOOP('',(#2218,#2222,#2223,#2219));
#2251=FACE_OUTER_BOUND('',#2250,.T.);
#2252=CARTESIAN_POINT('',(2.540000,-25.720000,-4.000000));
#2253=DIRECTION('',(0.000000,-1.000000,0.000000));
#2254=DIRECTION('',(1.000000,0.000000,0.000000));
#2255=AXIS2_PLACEMENT_3D('',#2252,#2253,#2254);
#2256=PLANE('',#2255);
#2257=ADVANCED_FACE('',(#2251),#2256,.T.);
#2258=POLY_LOOP('',(#2222,#2224,#2225,#2223));
#2259=FACE_OUTER_BOUND('',#2258,.T.);
#2260=CARTESIAN_POINT('',(2.860000,-25.400000,-4.000000));
#2261=DIRECTION('',(1.000000,0.000000,0.000000));
#2262=DIRECTION('',(0.000000,1.000000,0.000000));
#2263=AXIS2_PLACEMENT_3D('',#2260,#2261,#2262);
#2264=PLANE('',#2263);
#2265=ADVANCED_FACE('',(#2259),#2264,.T.);
#2266=POLY_LOOP('',(#2218,#2219,#2221,#2220));
#2267=FACE_OUTER_BOUND('',#2266,.T.);
#2268=CARTESIAN_POINT('',(2.220000,-25.400000,-4.000000));
#2269=DIRECTION('',(-1.000000,0.000000,0.000000));
#2270=DIRECTION('',(0.000000,1.000000,0.000000));
#2271=AXIS2_PLACEMENT_3D('',#2268,#2269,#2270);
#2272=PLANE('',#2271);
#2273=ADVANCED_FACE('',(#2267),#2272,.T.);
#2274=CLOSED_SHELL('',(#2233,#2241,#2249,#2257,#2265,#2273));
#2275=MANIFOLD_SOLID_BREP('gpio_pin_r_10',#2274);
#2276=CARTESIAN_POINT('',(2.220000,-28.260000,-8.000000));
#2277=CARTESIAN_POINT('',(2.220000,-28.260000,0.000000));
#2278=CARTESIAN_POINT('',(2.220000,-27.620000,-8.000000));
#2279=CARTESIAN_POINT('',(2.220000,-27.620000,0.000000));
#2280=CARTESIAN_POINT('',(2.860000,-28.260000,-8.000000));
#2281=CARTESIAN_POINT('',(2.860000,-28.260000,0.000000));
#2282=CARTESIAN_POINT('',(2.860000,-27.620000,-8.000000));
#2283=CARTESIAN_POINT('',(2.860000,-27.620000,0.000000));
#2284=POLY_LOOP('',(#2277,#2281,#2283,#2279));
#2285=FACE_OUTER_BOUND('',#2284,.T.);
#2286=CARTESIAN_POINT('',(2.540000,-27.940000,0.000000));
#2287=DIRECTION('',(0.000000,0.000000,1.000000));
#2288=DIRECTION('',(1.000000,0.000000,0.000000));
#2289=AXIS2_PLACEMENT_3D('',#2286,#2287,#2288);
#2290=PLANE('',#2289);
#2291=ADVANCED_FACE('',(#2285),#2290,.T.);
#2292=POLY_LOOP('',(#2276,#2278,#2282,#2280));
#2293=FACE_OUTER_BOUND('',#2292,.T.);
#2294=CARTESIAN_POINT('',(2.540000,-27.940000,-8.000000));
#2295=DIRECTION('',(0.000000,0.000000,-1.000000));
#2296=DIRECTION('',(1.000000,0.000000,0.000000));
#2297=AXIS2_PLACEMENT_3D('',#2294,#2295,#2296);
#2298=PLANE('',#2297);
#2299=ADVANCED_FACE('',(#2293),#2298,.T.);
#2300=POLY_LOOP('',(#2278,#2279,#2283,#2282));
#2301=FACE_OUTER_BOUND('',#2300,.T.);
#2302=CARTESIAN_POINT('',(2.540000,-27.620000,-4.000000));
#2303=DIRECTION('',(0.000000,1.000000,0.000000));
#2304=DIRECTION('',(1.000000,0.000000,0.000000));
#2305=AXIS2_PLACEMENT_3D('',#2302,#2303,#2304);
#2306=PLANE('',#2305);
#2307=ADVANCED_FACE('',(#2301),#2306,.T.);
#2308=POLY_LOOP('',(#2276,#2280,#2281,#2277));
#2309=FACE_OUTER_BOUND('',#2308,.T.);
#2310=CARTESIAN_POINT('',(2.540000,-28.260000,-4.000000));
#2311=DIRECTION('',(0.000000,-1.000000,0.000000));
#2312=DIRECTION('',(1.000000,0.000000,0.000000));
#2313=AXIS2_PLACEMENT_3D('',#2310,#2311,#2312);
#2314=PLANE('',#2313);
#2315=ADVANCED_FACE('',(#2309),#2314,.T.);
#2316=POLY_LOOP('',(#2280,#2282,#2283,#2281));
#2317=FACE_OUTER_BOUND('',#2316,.T.);
#2318=CARTESIAN_POINT('',(2.860000,-27.940000,-4.000000));
#2319=DIRECTION('',(1.000000,0.000000,0.000000));
#2320=DIRECTION('',(0.000000,1.000000,0.000000));
#2321=AXIS2_PLACEMENT_3D('',#2318,#2319,#2320);
#2322=PLANE('',#2321);
#2323=ADVANCED_FACE('',(#2317),#2322,.T.);
#2324=POLY_LOOP('',(#2276,#2277,#2279,#2278));
#2325=FACE_OUTER_BOUND('',#2324,.T.);
#2326=CARTESIAN_POINT('',(2.220000,-27.940000,-4.000000));
#2327=DIRECTION('',(-1.000000,0.000000,0.000000));
#2328=DIRECTION('',(0.000000,1.000000,0.000000));
#2329=AXIS2_PLACEMENT_3D('',#2326,#2327,#2328);
#2330=PLANE('',#2329);
#2331=ADVANCED_FACE('',(#2325),#2330,.T.);
#2332=CLOSED_SHELL('',(#2291,#2299,#2307,#2315,#2323,#2331));
#2333=MANIFOLD_SOLID_BREP('gpio_pin_r_11',#2332);
#2334=CARTESIAN_POINT('',(2.220000,-30.800000,-8.000000));
#2335=CARTESIAN_POINT('',(2.220000,-30.800000,0.000000));
#2336=CARTESIAN_POINT('',(2.220000,-30.160000,-8.000000));
#2337=CARTESIAN_POINT('',(2.220000,-30.160000,0.000000));
#2338=CARTESIAN_POINT('',(2.860000,-30.800000,-8.000000));
#2339=CARTESIAN_POINT('',(2.860000,-30.800000,0.000000));
#2340=CARTESIAN_POINT('',(2.860000,-30.160000,-8.000000));
#2341=CARTESIAN_POINT('',(2.860000,-30.160000,0.000000));
#2342=POLY_LOOP('',(#2335,#2339,#2341,#2337));
#2343=FACE_OUTER_BOUND('',#2342,.T.);
#2344=CARTESIAN_POINT('',(2.540000,-30.480000,0.000000));
#2345=DIRECTION('',(0.000000,0.000000,1.000000));
#2346=DIRECTION('',(1.000000,0.000000,0.000000));
#2347=AXIS2_PLACEMENT_3D('',#2344,#2345,#2346);
#2348=PLANE('',#2347);
#2349=ADVANCED_FACE('',(#2343),#2348,.T.);
#2350=POLY_LOOP('',(#2334,#2336,#2340,#2338));
#2351=FACE_OUTER_BOUND('',#2350,.T.);
#2352=CARTESIAN_POINT('',(2.540000,-30.480000,-8.000000));
#2353=DIRECTION('',(0.000000,0.000000,-1.000000));
#2354=DIRECTION('',(1.000000,0.000000,0.000000));
#2355=AXIS2_PLACEMENT_3D('',#2352,#2353,#2354);
#2356=PLANE('',#2355);
#2357=ADVANCED_FACE('',(#2351),#2356,.T.);
#2358=POLY_LOOP('',(#2336,#2337,#2341,#2340));
#2359=FACE_OUTER_BOUND('',#2358,.T.);
#2360=CARTESIAN_POINT('',(2.540000,-30.160000,-4.000000));
#2361=DIRECTION('',(0.000000,1.000000,0.000000));
#2362=DIRECTION('',(1.000000,0.000000,0.000000));
#2363=AXIS2_PLACEMENT_3D('',#2360,#2361,#2362);
#2364=PLANE('',#2363);
#2365=ADVANCED_FACE('',(#2359),#2364,.T.);
#2366=POLY_LOOP('',(#2334,#2338,#2339,#2335));
#2367=FACE_OUTER_BOUND('',#2366,.T.);
#2368=CARTESIAN_POINT('',(2.540000,-30.800000,-4.000000));
#2369=DIRECTION('',(0.000000,-1.000000,0.000000));
#2370=DIRECTION('',(1.000000,0.000000,0.000000));
#2371=AXIS2_PLACEMENT_3D('',#2368,#2369,#2370);
#2372=PLANE('',#2371);
#2373=ADVANCED_FACE('',(#2367),#2372,.T.);
#2374=POLY_LOOP('',(#2338,#2340,#2341,#2339));
#2375=FACE_OUTER_BOUND('',#2374,.T.);
#2376=CARTESIAN_POINT('',(2.860000,-30.480000,-4.000000));
#2377=DIRECTION('',(1.000000,0.000000,0.000000));
#2378=DIRECTION('',(0.000000,1.000000,0.000000));
#2379=AXIS2_PLACEMENT_3D('',#2376,#2377,#2378);
#2380=PLANE('',#2379);
#2381=ADVANCED_FACE('',(#2375),#2380,.T.);
#2382=POLY_LOOP('',(#2334,#2335,#2337,#2336));
#2383=FACE_OUTER_BOUND('',#2382,.T.);
#2384=CARTESIAN_POINT('',(2.220000,-30.480000,-4.000000));
#2385=DIRECTION('',(-1.000000,0.000000,0.000000));
#2386=DIRECTION('',(0.000000,1.000000,0.000000));
#2387=AXIS2_PLACEMENT_3D('',#2384,#2385,#2386);
#2388=PLANE('',#2387);
#2389=ADVANCED_FACE('',(#2383),#2388,.T.);
#2390=CLOSED_SHELL('',(#2349,#2357,#2365,#2373,#2381,#2389));
#2391=MANIFOLD_SOLID_BREP('gpio_pin_r_12',#2390);
#2392=CARTESIAN_POINT('',(2.220000,-33.340000,-8.000000));
#2393=CARTESIAN_POINT('',(2.220000,-33.340000,0.000000));
#2394=CARTESIAN_POINT('',(2.220000,-32.700000,-8.000000));
#2395=CARTESIAN_POINT('',(2.220000,-32.700000,0.000000));
#2396=CARTESIAN_POINT('',(2.860000,-33.340000,-8.000000));
#2397=CARTESIAN_POINT('',(2.860000,-33.340000,0.000000));
#2398=CARTESIAN_POINT('',(2.860000,-32.700000,-8.000000));
#2399=CARTESIAN_POINT('',(2.860000,-32.700000,0.000000));
#2400=POLY_LOOP('',(#2393,#2397,#2399,#2395));
#2401=FACE_OUTER_BOUND('',#2400,.T.);
#2402=CARTESIAN_POINT('',(2.540000,-33.020000,0.000000));
#2403=DIRECTION('',(0.000000,0.000000,1.000000));
#2404=DIRECTION('',(1.000000,0.000000,0.000000));
#2405=AXIS2_PLACEMENT_3D('',#2402,#2403,#2404);
#2406=PLANE('',#2405);
#2407=ADVANCED_FACE('',(#2401),#2406,.T.);
#2408=POLY_LOOP('',(#2392,#2394,#2398,#2396));
#2409=FACE_OUTER_BOUND('',#2408,.T.);
#2410=CARTESIAN_POINT('',(2.540000,-33.020000,-8.000000));
#2411=DIRECTION('',(0.000000,0.000000,-1.000000));
#2412=DIRECTION('',(1.000000,0.000000,0.000000));
#2413=AXIS2_PLACEMENT_3D('',#2410,#2411,#2412);
#2414=PLANE('',#2413);
#2415=ADVANCED_FACE('',(#2409),#2414,.T.);
#2416=POLY_LOOP('',(#2394,#2395,#2399,#2398));
#2417=FACE_OUTER_BOUND('',#2416,.T.);
#2418=CARTESIAN_POINT('',(2.540000,-32.700000,-4.000000));
#2419=DIRECTION('',(0.000000,1.000000,0.000000));
#2420=DIRECTION('',(1.000000,0.000000,0.000000));
#2421=AXIS2_PLACEMENT_3D('',#2418,#2419,#2420);
#2422=PLANE('',#2421);
#2423=ADVANCED_FACE('',(#2417),#2422,.T.);
#2424=POLY_LOOP('',(#2392,#2396,#2397,#2393));
#2425=FACE_OUTER_BOUND('',#2424,.T.);
#2426=CARTESIAN_POINT('',(2.540000,-33.340000,-4.000000));
#2427=DIRECTION('',(0.000000,-1.000000,0.000000));
#2428=DIRECTION('',(1.000000,0.000000,0.000000));
#2429=AXIS2_PLACEMENT_3D('',#2426,#2427,#2428);
#2430=PLANE('',#2429);
#2431=ADVANCED_FACE('',(#2425),#2430,.T.);
#2432=POLY_LOOP('',(#2396,#2398,#2399,#2397));
#2433=FACE_OUTER_BOUND('',#2432,.T.);
#2434=CARTESIAN_POINT('',(2.860000,-33.020000,-4.000000));
#2435=DIRECTION('',(1.000000,0.000000,0.000000));
#2436=DIRECTION('',(0.000000,1.000000,0.000000));
#2437=AXIS2_PLACEMENT_3D('',#2434,#2435,#2436);
#2438=PLANE('',#2437);
#2439=ADVANCED_FACE('',(#2433),#2438,.T.);
#2440=POLY_LOOP('',(#2392,#2393,#2395,#2394));
#2441=FACE_OUTER_BOUND('',#2440,.T.);
#2442=CARTESIAN_POINT('',(2.220000,-33.020000,-4.000000));
#2443=DIRECTION('',(-1.000000,0.000000,0.000000));
#2444=DIRECTION('',(0.000000,1.000000,0.000000));
#2445=AXIS2_PLACEMENT_3D('',#2442,#2443,#2444);
#2446=PLANE('',#2445);
#2447=ADVANCED_FACE('',(#2441),#2446,.T.);
#2448=CLOSED_SHELL('',(#2407,#2415,#2423,#2431,#2439,#2447));
#2449=MANIFOLD_SOLID_BREP('gpio_pin_r_13',#2448);
#2450=CARTESIAN_POINT('',(2.220000,-35.880000,-8.000000));
#2451=CARTESIAN_POINT('',(2.220000,-35.880000,0.000000));
#2452=CARTESIAN_POINT('',(2.220000,-35.240000,-8.000000));
#2453=CARTESIAN_POINT('',(2.220000,-35.240000,0.000000));
#2454=CARTESIAN_POINT('',(2.860000,-35.880000,-8.000000));
#2455=CARTESIAN_POINT('',(2.860000,-35.880000,0.000000));
#2456=CARTESIAN_POINT('',(2.860000,-35.240000,-8.000000));
#2457=CARTESIAN_POINT('',(2.860000,-35.240000,0.000000));
#2458=POLY_LOOP('',(#2451,#2455,#2457,#2453));
#2459=FACE_OUTER_BOUND('',#2458,.T.);
#2460=CARTESIAN_POINT('',(2.540000,-35.560000,0.000000));
#2461=DIRECTION('',(0.000000,0.000000,1.000000));
#2462=DIRECTION('',(1.000000,0.000000,0.000000));
#2463=AXIS2_PLACEMENT_3D('',#2460,#2461,#2462);
#2464=PLANE('',#2463);
#2465=ADVANCED_FACE('',(#2459),#2464,.T.);
#2466=POLY_LOOP('',(#2450,#2452,#2456,#2454));
#2467=FACE_OUTER_BOUND('',#2466,.T.);
#2468=CARTESIAN_POINT('',(2.540000,-35.560000,-8.000000));
#2469=DIRECTION('',(0.000000,0.000000,-1.000000));
#2470=DIRECTION('',(1.000000,0.000000,0.000000));
#2471=AXIS2_PLACEMENT_3D('',#2468,#2469,#2470);
#2472=PLANE('',#2471);
#2473=ADVANCED_FACE('',(#2467),#2472,.T.);
#2474=POLY_LOOP('',(#2452,#2453,#2457,#2456));
#2475=FACE_OUTER_BOUND('',#2474,.T.);
#2476=CARTESIAN_POINT('',(2.540000,-35.240000,-4.000000));
#2477=DIRECTION('',(0.000000,1.000000,0.000000));
#2478=DIRECTION('',(1.000000,0.000000,0.000000));
#2479=AXIS2_PLACEMENT_3D('',#2476,#2477,#2478);
#2480=PLANE('',#2479);
#2481=ADVANCED_FACE('',(#2475),#2480,.T.);
#2482=POLY_LOOP('',(#2450,#2454,#2455,#2451));
#2483=FACE_OUTER_BOUND('',#2482,.T.);
#2484=CARTESIAN_POINT('',(2.540000,-35.880000,-4.000000));
#2485=DIRECTION('',(0.000000,-1.000000,0.000000));
#2486=DIRECTION('',(1.000000,0.000000,0.000000));
#2487=AXIS2_PLACEMENT_3D('',#2484,#2485,#2486);
#2488=PLANE('',#2487);
#2489=ADVANCED_FACE('',(#2483),#2488,.T.);
#2490=POLY_LOOP('',(#2454,#2456,#2457,#2455));
#2491=FACE_OUTER_BOUND('',#2490,.T.);
#2492=CARTESIAN_POINT('',(2.860000,-35.560000,-4.000000));
#2493=DIRECTION('',(1.000000,0.000000,0.000000));
#2494=DIRECTION('',(0.000000,1.000000,0.000000));
#2495=AXIS2_PLACEMENT_3D('',#2492,#2493,#2494);
#2496=PLANE('',#2495);
#2497=ADVANCED_FACE('',(#2491),#2496,.T.);
#2498=POLY_LOOP('',(#2450,#2451,#2453,#2452));
#2499=FACE_OUTER_BOUND('',#2498,.T.);
#2500=CARTESIAN_POINT('',(2.220000,-35.560000,-4.000000));
#2501=DIRECTION('',(-1.000000,0.000000,0.000000));
#2502=DIRECTION('',(0.000000,1.000000,0.000000));
#2503=AXIS2_PLACEMENT_3D('',#2500,#2501,#2502);
#2504=PLANE('',#2503);
#2505=ADVANCED_FACE('',(#2499),#2504,.T.);
#2506=CLOSED_SHELL('',(#2465,#2473,#2481,#2489,#2497,#2505));
#2507=MANIFOLD_SOLID_BREP('gpio_pin_r_14',#2506);
#2508=CARTESIAN_POINT('',(2.220000,-38.420000,-8.000000));
#2509=CARTESIAN_POINT('',(2.220000,-38.420000,0.000000));
#2510=CARTESIAN_POINT('',(2.220000,-37.780000,-8.000000));
#2511=CARTESIAN_POINT('',(2.220000,-37.780000,0.000000));
#2512=CARTESIAN_POINT('',(2.860000,-38.420000,-8.000000));
#2513=CARTESIAN_POINT('',(2.860000,-38.420000,0.000000));
#2514=CARTESIAN_POINT('',(2.860000,-37.780000,-8.000000));
#2515=CARTESIAN_POINT('',(2.860000,-37.780000,0.000000));
#2516=POLY_LOOP('',(#2509,#2513,#2515,#2511));
#2517=FACE_OUTER_BOUND('',#2516,.T.);
#2518=CARTESIAN_POINT('',(2.540000,-38.100000,0.000000));
#2519=DIRECTION('',(0.000000,0.000000,1.000000));
#2520=DIRECTION('',(1.000000,0.000000,0.000000));
#2521=AXIS2_PLACEMENT_3D('',#2518,#2519,#2520);
#2522=PLANE('',#2521);
#2523=ADVANCED_FACE('',(#2517),#2522,.T.);
#2524=POLY_LOOP('',(#2508,#2510,#2514,#2512));
#2525=FACE_OUTER_BOUND('',#2524,.T.);
#2526=CARTESIAN_POINT('',(2.540000,-38.100000,-8.000000));
#2527=DIRECTION('',(0.000000,0.000000,-1.000000));
#2528=DIRECTION('',(1.000000,0.000000,0.000000));
#2529=AXIS2_PLACEMENT_3D('',#2526,#2527,#2528);
#2530=PLANE('',#2529);
#2531=ADVANCED_FACE('',(#2525),#2530,.T.);
#2532=POLY_LOOP('',(#2510,#2511,#2515,#2514));
#2533=FACE_OUTER_BOUND('',#2532,.T.);
#2534=CARTESIAN_POINT('',(2.540000,-37.780000,-4.000000));
#2535=DIRECTION('',(0.000000,1.000000,0.000000));
#2536=DIRECTION('',(1.000000,0.000000,0.000000));
#2537=AXIS2_PLACEMENT_3D('',#2534,#2535,#2536);
#2538=PLANE('',#2537);
#2539=ADVANCED_FACE('',(#2533),#2538,.T.);
#2540=POLY_LOOP('',(#2508,#2512,#2513,#2509));
#2541=FACE_OUTER_BOUND('',#2540,.T.);
#2542=CARTESIAN_POINT('',(2.540000,-38.420000,-4.000000));
#2543=DIRECTION('',(0.000000,-1.000000,0.000000));
#2544=DIRECTION('',(1.000000,0.000000,0.000000));
#2545=AXIS2_PLACEMENT_3D('',#2542,#2543,#2544);
#2546=PLANE('',#2545);
#2547=ADVANCED_FACE('',(#2541),#2546,.T.);
#2548=POLY_LOOP('',(#2512,#2514,#2515,#2513));
#2549=FACE_OUTER_BOUND('',#2548,.T.);
#2550=CARTESIAN_POINT('',(2.860000,-38.100000,-4.000000));
#2551=DIRECTION('',(1.000000,0.000000,0.000000));
#2552=DIRECTION('',(0.000000,1.000000,0.000000));
#2553=AXIS2_PLACEMENT_3D('',#2550,#2551,#2552);
#2554=PLANE('',#2553);
#2555=ADVANCED_FACE('',(#2549),#2554,.T.);
#2556=POLY_LOOP('',(#2508,#2509,#2511,#2510));
#2557=FACE_OUTER_BOUND('',#2556,.T.);
#2558=CARTESIAN_POINT('',(2.220000,-38.100000,-4.000000));
#2559=DIRECTION('',(-1.000000,0.000000,0.000000));
#2560=DIRECTION('',(0.000000,1.000000,0.000000));
#2561=AXIS2_PLACEMENT_3D('',#2558,#2559,#2560);
#2562=PLANE('',#2561);
#2563=ADVANCED_FACE('',(#2557),#2562,.T.);
#2564=CLOSED_SHELL('',(#2523,#2531,#2539,#2547,#2555,#2563));
#2565=MANIFOLD_SOLID_BREP('gpio_pin_r_15',#2564);
#2566=CARTESIAN_POINT('',(2.220000,-40.960000,-8.000000));
#2567=CARTESIAN_POINT('',(2.220000,-40.960000,0.000000));
#2568=CARTESIAN_POINT('',(2.220000,-40.320000,-8.000000));
#2569=CARTESIAN_POINT('',(2.220000,-40.320000,0.000000));
#2570=CARTESIAN_POINT('',(2.860000,-40.960000,-8.000000));
#2571=CARTESIAN_POINT('',(2.860000,-40.960000,0.000000));
#2572=CARTESIAN_POINT('',(2.860000,-40.320000,-8.000000));
#2573=CARTESIAN_POINT('',(2.860000,-40.320000,0.000000));
#2574=POLY_LOOP('',(#2567,#2571,#2573,#2569));
#2575=FACE_OUTER_BOUND('',#2574,.T.);
#2576=CARTESIAN_POINT('',(2.540000,-40.640000,0.000000));
#2577=DIRECTION('',(0.000000,0.000000,1.000000));
#2578=DIRECTION('',(1.000000,0.000000,0.000000));
#2579=AXIS2_PLACEMENT_3D('',#2576,#2577,#2578);
#2580=PLANE('',#2579);
#2581=ADVANCED_FACE('',(#2575),#2580,.T.);
#2582=POLY_LOOP('',(#2566,#2568,#2572,#2570));
#2583=FACE_OUTER_BOUND('',#2582,.T.);
#2584=CARTESIAN_POINT('',(2.540000,-40.640000,-8.000000));
#2585=DIRECTION('',(0.000000,0.000000,-1.000000));
#2586=DIRECTION('',(1.000000,0.000000,0.000000));
#2587=AXIS2_PLACEMENT_3D('',#2584,#2585,#2586);
#2588=PLANE('',#2587);
#2589=ADVANCED_FACE('',(#2583),#2588,.T.);
#2590=POLY_LOOP('',(#2568,#2569,#2573,#2572));
#2591=FACE_OUTER_BOUND('',#2590,.T.);
#2592=CARTESIAN_POINT('',(2.540000,-40.320000,-4.000000));
#2593=DIRECTION('',(0.000000,1.000000,0.000000));
#2594=DIRECTION('',(1.000000,0.000000,0.000000));
#2595=AXIS2_PLACEMENT_3D('',#2592,#2593,#2594);
#2596=PLANE('',#2595);
#2597=ADVANCED_FACE('',(#2591),#2596,.T.);
#2598=POLY_LOOP('',(#2566,#2570,#2571,#2567));
#2599=FACE_OUTER_BOUND('',#2598,.T.);
#2600=CARTESIAN_POINT('',(2.540000,-40.960000,-4.000000));
#2601=DIRECTION('',(0.000000,-1.000000,0.000000));
#2602=DIRECTION('',(1.000000,0.000000,0.000000));
#2603=AXIS2_PLACEMENT_3D('',#2600,#2601,#2602);
#2604=PLANE('',#2603);
#2605=ADVANCED_FACE('',(#2599),#2604,.T.);
#2606=POLY_LOOP('',(#2570,#2572,#2573,#2571));
#2607=FACE_OUTER_BOUND('',#2606,.T.);
#2608=CARTESIAN_POINT('',(2.860000,-40.640000,-4.000000));
#2609=DIRECTION('',(1.000000,0.000000,0.000000));
#2610=DIRECTION('',(0.000000,1.000000,0.000000));
#2611=AXIS2_PLACEMENT_3D('',#2608,#2609,#2610);
#2612=PLANE('',#2611);
#2613=ADVANCED_FACE('',(#2607),#2612,.T.);
#2614=POLY_LOOP('',(#2566,#2567,#2569,#2568));
#2615=FACE_OUTER_BOUND('',#2614,.T.);
#2616=CARTESIAN_POINT('',(2.220000,-40.640000,-4.000000));
#2617=DIRECTION('',(-1.000000,0.000000,0.000000));
#2618=DIRECTION('',(0.000000,1.000000,0.000000));
#2619=AXIS2_PLACEMENT_3D('',#2616,#2617,#2618);
#2620=PLANE('',#2619);
#2621=ADVANCED_FACE('',(#2615),#2620,.T.);
#2622=CLOSED_SHELL('',(#2581,#2589,#2597,#2605,#2613,#2621));
#2623=MANIFOLD_SOLID_BREP('gpio_pin_r_16',#2622);
#2624=CARTESIAN_POINT('',(2.220000,-43.500000,-8.000000));
#2625=CARTESIAN_POINT('',(2.220000,-43.500000,0.000000));
#2626=CARTESIAN_POINT('',(2.220000,-42.860000,-8.000000));
#2627=CARTESIAN_POINT('',(2.220000,-42.860000,0.000000));
#2628=CARTESIAN_POINT('',(2.860000,-43.500000,-8.000000));
#2629=CARTESIAN_POINT('',(2.860000,-43.500000,0.000000));
#2630=CARTESIAN_POINT('',(2.860000,-42.860000,-8.000000));
#2631=CARTESIAN_POINT('',(2.860000,-42.860000,0.000000));
#2632=POLY_LOOP('',(#2625,#2629,#2631,#2627));
#2633=FACE_OUTER_BOUND('',#2632,.T.);
#2634=CARTESIAN_POINT('',(2.540000,-43.180000,0.000000));
#2635=DIRECTION('',(0.000000,0.000000,1.000000));
#2636=DIRECTION('',(1.000000,0.000000,0.000000));
#2637=AXIS2_PLACEMENT_3D('',#2634,#2635,#2636);
#2638=PLANE('',#2637);
#2639=ADVANCED_FACE('',(#2633),#2638,.T.);
#2640=POLY_LOOP('',(#2624,#2626,#2630,#2628));
#2641=FACE_OUTER_BOUND('',#2640,.T.);
#2642=CARTESIAN_POINT('',(2.540000,-43.180000,-8.000000));
#2643=DIRECTION('',(0.000000,0.000000,-1.000000));
#2644=DIRECTION('',(1.000000,0.000000,0.000000));
#2645=AXIS2_PLACEMENT_3D('',#2642,#2643,#2644);
#2646=PLANE('',#2645);
#2647=ADVANCED_FACE('',(#2641),#2646,.T.);
#2648=POLY_LOOP('',(#2626,#2627,#2631,#2630));
#2649=FACE_OUTER_BOUND('',#2648,.T.);
#2650=CARTESIAN_POINT('',(2.540000,-42.860000,-4.000000));
#2651=DIRECTION('',(0.000000,1.000000,0.000000));
#2652=DIRECTION('',(1.000000,0.000000,0.000000));
#2653=AXIS2_PLACEMENT_3D('',#2650,#2651,#2652);
#2654=PLANE('',#2653);
#2655=ADVANCED_FACE('',(#2649),#2654,.T.);
#2656=POLY_LOOP('',(#2624,#2628,#2629,#2625));
#2657=FACE_OUTER_BOUND('',#2656,.T.);
#2658=CARTESIAN_POINT('',(2.540000,-43.500000,-4.000000));
#2659=DIRECTION('',(0.000000,-1.000000,0.000000));
#2660=DIRECTION('',(1.000000,0.000000,0.000000));
#2661=AXIS2_PLACEMENT_3D('',#2658,#2659,#2660);
#2662=PLANE('',#2661);
#2663=ADVANCED_FACE('',(#2657),#2662,.T.);
#2664=POLY_LOOP('',(#2628,#2630,#2631,#2629));
#2665=FACE_OUTER_BOUND('',#2664,.T.);
#2666=CARTESIAN_POINT('',(2.860000,-43.180000,-4.000000));
#2667=DIRECTION('',(1.000000,0.000000,0.000000));
#2668=DIRECTION('',(0.000000,1.000000,0.000000));
#2669=AXIS2_PLACEMENT_3D('',#2666,#2667,#2668);
#2670=PLANE('',#2669);
#2671=ADVANCED_FACE('',(#2665),#2670,.T.);
#2672=POLY_LOOP('',(#2624,#2625,#2627,#2626));
#2673=FACE_OUTER_BOUND('',#2672,.T.);
#2674=CARTESIAN_POINT('',(2.220000,-43.180000,-4.000000));
#2675=DIRECTION('',(-1.000000,0.000000,0.000000));
#2676=DIRECTION('',(0.000000,1.000000,0.000000));
#2677=AXIS2_PLACEMENT_3D('',#2674,#2675,#2676);
#2678=PLANE('',#2677);
#2679=ADVANCED_FACE('',(#2673),#2678,.T.);
#2680=CLOSED_SHELL('',(#2639,#2647,#2655,#2663,#2671,#2679));
#2681=MANIFOLD_SOLID_BREP('gpio_pin_r_17',#2680);
#2682=CARTESIAN_POINT('',(2.220000,-46.040000,-8.000000));
#2683=CARTESIAN_POINT('',(2.220000,-46.040000,0.000000));
#2684=CARTESIAN_POINT('',(2.220000,-45.400000,-8.000000));
#2685=CARTESIAN_POINT('',(2.220000,-45.400000,0.000000));
#2686=CARTESIAN_POINT('',(2.860000,-46.040000,-8.000000));
#2687=CARTESIAN_POINT('',(2.860000,-46.040000,0.000000));
#2688=CARTESIAN_POINT('',(2.860000,-45.400000,-8.000000));
#2689=CARTESIAN_POINT('',(2.860000,-45.400000,0.000000));
#2690=POLY_LOOP('',(#2683,#2687,#2689,#2685));
#2691=FACE_OUTER_BOUND('',#2690,.T.);
#2692=CARTESIAN_POINT('',(2.540000,-45.720000,0.000000));
#2693=DIRECTION('',(0.000000,0.000000,1.000000));
#2694=DIRECTION('',(1.000000,0.000000,0.000000));
#2695=AXIS2_PLACEMENT_3D('',#2692,#2693,#2694);
#2696=PLANE('',#2695);
#2697=ADVANCED_FACE('',(#2691),#2696,.T.);
#2698=POLY_LOOP('',(#2682,#2684,#2688,#2686));
#2699=FACE_OUTER_BOUND('',#2698,.T.);
#2700=CARTESIAN_POINT('',(2.540000,-45.720000,-8.000000));
#2701=DIRECTION('',(0.000000,0.000000,-1.000000));
#2702=DIRECTION('',(1.000000,0.000000,0.000000));
#2703=AXIS2_PLACEMENT_3D('',#2700,#2701,#2702);
#2704=PLANE('',#2703);
#2705=ADVANCED_FACE('',(#2699),#2704,.T.);
#2706=POLY_LOOP('',(#2684,#2685,#2689,#2688));
#2707=FACE_OUTER_BOUND('',#2706,.T.);
#2708=CARTESIAN_POINT('',(2.540000,-45.400000,-4.000000));
#2709=DIRECTION('',(0.000000,1.000000,0.000000));
#2710=DIRECTION('',(1.000000,0.000000,0.000000));
#2711=AXIS2_PLACEMENT_3D('',#2708,#2709,#2710);
#2712=PLANE('',#2711);
#2713=ADVANCED_FACE('',(#2707),#2712,.T.);
#2714=POLY_LOOP('',(#2682,#2686,#2687,#2683));
#2715=FACE_OUTER_BOUND('',#2714,.T.);
#2716=CARTESIAN_POINT('',(2.540000,-46.040000,-4.000000));
#2717=DIRECTION('',(0.000000,-1.000000,0.000000));
#2718=DIRECTION('',(1.000000,0.000000,0.000000));
#2719=AXIS2_PLACEMENT_3D('',#2716,#2717,#2718);
#2720=PLANE('',#2719);
#2721=ADVANCED_FACE('',(#2715),#2720,.T.);
#2722=POLY_LOOP('',(#2686,#2688,#2689,#2687));
#2723=FACE_OUTER_BOUND('',#2722,.T.);
#2724=CARTESIAN_POINT('',(2.860000,-45.720000,-4.000000));
#2725=DIRECTION('',(1.000000,0.000000,0.000000));
#2726=DIRECTION('',(0.000000,1.000000,0.000000));
#2727=AXIS2_PLACEMENT_3D('',#2724,#2725,#2726);
#2728=PLANE('',#2727);
#2729=ADVANCED_FACE('',(#2723),#2728,.T.);
#2730=POLY_LOOP('',(#2682,#2683,#2685,#2684));
#2731=FACE_OUTER_BOUND('',#2730,.T.);
#2732=CARTESIAN_POINT('',(2.220000,-45.720000,-4.000000));
#2733=DIRECTION('',(-1.000000,0.000000,0.000000));
#2734=DIRECTION('',(0.000000,1.000000,0.000000));
#2735=AXIS2_PLACEMENT_3D('',#2732,#2733,#2734);
#2736=PLANE('',#2735);
#2737=ADVANCED_FACE('',(#2731),#2736,.T.);
#2738=CLOSED_SHELL('',(#2697,#2705,#2713,#2721,#2729,#2737));
#2739=MANIFOLD_SOLID_BREP('gpio_pin_r_18',#2738);
#2740=CARTESIAN_POINT('',(2.220000,-48.580000,-8.000000));
#2741=CARTESIAN_POINT('',(2.220000,-48.580000,0.000000));
#2742=CARTESIAN_POINT('',(2.220000,-47.940000,-8.000000));
#2743=CARTESIAN_POINT('',(2.220000,-47.940000,0.000000));
#2744=CARTESIAN_POINT('',(2.860000,-48.580000,-8.000000));
#2745=CARTESIAN_POINT('',(2.860000,-48.580000,0.000000));
#2746=CARTESIAN_POINT('',(2.860000,-47.940000,-8.000000));
#2747=CARTESIAN_POINT('',(2.860000,-47.940000,0.000000));
#2748=POLY_LOOP('',(#2741,#2745,#2747,#2743));
#2749=FACE_OUTER_BOUND('',#2748,.T.);
#2750=CARTESIAN_POINT('',(2.540000,-48.260000,0.000000));
#2751=DIRECTION('',(0.000000,0.000000,1.000000));
#2752=DIRECTION('',(1.000000,0.000000,0.000000));
#2753=AXIS2_PLACEMENT_3D('',#2750,#2751,#2752);
#2754=PLANE('',#2753);
#2755=ADVANCED_FACE('',(#2749),#2754,.T.);
#2756=POLY_LOOP('',(#2740,#2742,#2746,#2744));
#2757=FACE_OUTER_BOUND('',#2756,.T.);
#2758=CARTESIAN_POINT('',(2.540000,-48.260000,-8.000000));
#2759=DIRECTION('',(0.000000,0.000000,-1.000000));
#2760=DIRECTION('',(1.000000,0.000000,0.000000));
#2761=AXIS2_PLACEMENT_3D('',#2758,#2759,#2760);
#2762=PLANE('',#2761);
#2763=ADVANCED_FACE('',(#2757),#2762,.T.);
#2764=POLY_LOOP('',(#2742,#2743,#2747,#2746));
#2765=FACE_OUTER_BOUND('',#2764,.T.);
#2766=CARTESIAN_POINT('',(2.540000,-47.940000,-4.000000));
#2767=DIRECTION('',(0.000000,1.000000,0.000000));
#2768=DIRECTION('',(1.000000,0.000000,0.000000));
#2769=AXIS2_PLACEMENT_3D('',#2766,#2767,#2768);
#2770=PLANE('',#2769);
#2771=ADVANCED_FACE('',(#2765),#2770,.T.);
#2772=POLY_LOOP('',(#2740,#2744,#2745,#2741));
#2773=FACE_OUTER_BOUND('',#2772,.T.);
#2774=CARTESIAN_POINT('',(2.540000,-48.580000,-4.000000));
#2775=DIRECTION('',(0.000000,-1.000000,0.000000));
#2776=DIRECTION('',(1.000000,0.000000,0.000000));
#2777=AXIS2_PLACEMENT_3D('',#2774,#2775,#2776);
#2778=PLANE('',#2777);
#2779=ADVANCED_FACE('',(#2773),#2778,.T.);
#2780=POLY_LOOP('',(#2744,#2746,#2747,#2745));
#2781=FACE_OUTER_BOUND('',#2780,.T.);
#2782=CARTESIAN_POINT('',(2.860000,-48.260000,-4.000000));
#2783=DIRECTION('',(1.000000,0.000000,0.000000));
#2784=DIRECTION('',(0.000000,1.000000,0.000000));
#2785=AXIS2_PLACEMENT_3D('',#2782,#2783,#2784);
#2786=PLANE('',#2785);
#2787=ADVANCED_FACE('',(#2781),#2786,.T.);
#2788=POLY_LOOP('',(#2740,#2741,#2743,#2742));
#2789=FACE_OUTER_BOUND('',#2788,.T.);
#2790=CARTESIAN_POINT('',(2.220000,-48.260000,-4.000000));
#2791=DIRECTION('',(-1.000000,0.000000,0.000000));
#2792=DIRECTION('',(0.000000,1.000000,0.000000));
#2793=AXIS2_PLACEMENT_3D('',#2790,#2791,#2792);
#2794=PLANE('',#2793);
#2795=ADVANCED_FACE('',(#2789),#2794,.T.);
#2796=CLOSED_SHELL('',(#2755,#2763,#2771,#2779,#2787,#2795));
#2797=MANIFOLD_SOLID_BREP('gpio_pin_r_19',#2796);
#2798=CARTESIAN_POINT('',(-51.870000,3.270000,-7.880000));
#2799=CARTESIAN_POINT('',(-51.870000,3.270000,-7.720000));
#2800=CARTESIAN_POINT('',(-51.870000,6.470000,-7.880000));
#2801=CARTESIAN_POINT('',(-51.870000,6.470000,-7.720000));
#2802=CARTESIAN_POINT('',(-48.670000,3.270000,-7.880000));
#2803=CARTESIAN_POINT('',(-48.670000,3.270000,-7.720000));
#2804=CARTESIAN_POINT('',(-48.670000,6.470000,-7.880000));
#2805=CARTESIAN_POINT('',(-48.670000,6.470000,-7.720000));
#2806=POLY_LOOP('',(#2799,#2803,#2805,#2801));
#2807=FACE_OUTER_BOUND('',#2806,.T.);
#2808=CARTESIAN_POINT('',(-50.270000,4.870000,-7.720000));
#2809=DIRECTION('',(0.000000,0.000000,1.000000));
#2810=DIRECTION('',(1.000000,0.000000,0.000000));
#2811=AXIS2_PLACEMENT_3D('',#2808,#2809,#2810);
#2812=PLANE('',#2811);
#2813=ADVANCED_FACE('',(#2807),#2812,.T.);
#2814=POLY_LOOP('',(#2798,#2800,#2804,#2802));
#2815=FACE_OUTER_BOUND('',#2814,.T.);
#2816=CARTESIAN_POINT('',(-50.270000,4.870000,-7.880000));
#2817=DIRECTION('',(0.000000,0.000000,-1.000000));
#2818=DIRECTION('',(1.000000,0.000000,0.000000));
#2819=AXIS2_PLACEMENT_3D('',#2816,#2817,#2818);
#2820=PLANE('',#2819);
#2821=ADVANCED_FACE('',(#2815),#2820,.T.);
#2822=POLY_LOOP('',(#2800,#2801,#2805,#2804));
#2823=FACE_OUTER_BOUND('',#2822,.T.);
#2824=CARTESIAN_POINT('',(-50.270000,6.470000,-7.800000));
#2825=DIRECTION('',(0.000000,1.000000,0.000000));
#2826=DIRECTION('',(1.000000,0.000000,0.000000));
#2827=AXIS2_PLACEMENT_3D('',#2824,#2825,#2826);
#2828=PLANE('',#2827);
#2829=ADVANCED_FACE('',(#2823),#2828,.T.);
#2830=POLY_LOOP('',(#2798,#2802,#2803,#2799));
#2831=FACE_OUTER_BOUND('',#2830,.T.);
#2832=CARTESIAN_POINT('',(-50.270000,3.270000,-7.800000));
#2833=DIRECTION('',(0.000000,-1.000000,0.000000));
#2834=DIRECTION('',(1.000000,0.000000,0.000000));
#2835=AXIS2_PLACEMENT_3D('',#2832,#2833,#2834);
#2836=PLANE('',#2835);
#2837=ADVANCED_FACE('',(#2831),#2836,.T.);
#2838=POLY_LOOP('',(#2802,#2804,#2805,#2803));
#2839=FACE_OUTER_BOUND('',#2838,.T.);
#2840=CARTESIAN_POINT('',(-48.670000,4.870000,-7.800000));
#2841=DIRECTION('',(1.000000,0.000000,0.000000));
#2842=DIRECTION('',(0.000000,1.000000,0.000000));
#2843=AXIS2_PLACEMENT_3D('',#2840,#2841,#2842);
#2844=PLANE('',#2843);
#2845=ADVANCED_FACE('',(#2839),#2844,.T.);
#2846=POLY_LOOP('',(#2798,#2799,#2801,#2800));
#2847=FACE_OUTER_BOUND('',#2846,.T.);
#2848=CARTESIAN_POINT('',(-51.870000,4.870000,-7.800000));
#2849=DIRECTION('',(-1.000000,0.000000,0.000000));
#2850=DIRECTION('',(0.000000,1.000000,0.000000));
#2851=AXIS2_PLACEMENT_3D('',#2848,#2849,#2850);
#2852=PLANE('',#2851);
#2853=ADVANCED_FACE('',(#2847),#2852,.T.);
#2854=CLOSED_SHELL('',(#2813,#2821,#2829,#2837,#2845,#2853));
#2855=MANIFOLD_SOLID_BREP('mount_hole_marker_1',#2854);
#2856=CARTESIAN_POINT('',(-2.870000,3.270000,-7.880000));
#2857=CARTESIAN_POINT('',(-2.870000,3.270000,-7.720000));
#2858=CARTESIAN_POINT('',(-2.870000,6.470000,-7.880000));
#2859=CARTESIAN_POINT('',(-2.870000,6.470000,-7.720000));
#2860=CARTESIAN_POINT('',(0.330000,3.270000,-7.880000));
#2861=CARTESIAN_POINT('',(0.330000,3.270000,-7.720000));
#2862=CARTESIAN_POINT('',(0.330000,6.470000,-7.880000));
#2863=CARTESIAN_POINT('',(0.330000,6.470000,-7.720000));
#2864=POLY_LOOP('',(#2857,#2861,#2863,#2859));
#2865=FACE_OUTER_BOUND('',#2864,.T.);
#2866=CARTESIAN_POINT('',(-1.270000,4.870000,-7.720000));
#2867=DIRECTION('',(0.000000,0.000000,1.000000));
#2868=DIRECTION('',(1.000000,0.000000,0.000000));
#2869=AXIS2_PLACEMENT_3D('',#2866,#2867,#2868);
#2870=PLANE('',#2869);
#2871=ADVANCED_FACE('',(#2865),#2870,.T.);
#2872=POLY_LOOP('',(#2856,#2858,#2862,#2860));
#2873=FACE_OUTER_BOUND('',#2872,.T.);
#2874=CARTESIAN_POINT('',(-1.270000,4.870000,-7.880000));
#2875=DIRECTION('',(0.000000,0.000000,-1.000000));
#2876=DIRECTION('',(1.000000,0.000000,0.000000));
#2877=AXIS2_PLACEMENT_3D('',#2874,#2875,#2876);
#2878=PLANE('',#2877);
#2879=ADVANCED_FACE('',(#2873),#2878,.T.);
#2880=POLY_LOOP('',(#2858,#2859,#2863,#2862));
#2881=FACE_OUTER_BOUND('',#2880,.T.);
#2882=CARTESIAN_POINT('',(-1.270000,6.470000,-7.800000));
#2883=DIRECTION('',(0.000000,1.000000,0.000000));
#2884=DIRECTION('',(1.000000,0.000000,0.000000));
#2885=AXIS2_PLACEMENT_3D('',#2882,#2883,#2884);
#2886=PLANE('',#2885);
#2887=ADVANCED_FACE('',(#2881),#2886,.T.);
#2888=POLY_LOOP('',(#2856,#2860,#2861,#2857));
#2889=FACE_OUTER_BOUND('',#2888,.T.);
#2890=CARTESIAN_POINT('',(-1.270000,3.270000,-7.800000));
#2891=DIRECTION('',(0.000000,-1.000000,0.000000));
#2892=DIRECTION('',(1.000000,0.000000,0.000000));
#2893=AXIS2_PLACEMENT_3D('',#2890,#2891,#2892);
#2894=PLANE('',#2893);
#2895=ADVANCED_FACE('',(#2889),#2894,.T.);
#2896=POLY_LOOP('',(#2860,#2862,#2863,#2861));
#2897=FACE_OUTER_BOUND('',#2896,.T.);
#2898=CARTESIAN_POINT('',(0.330000,4.870000,-7.800000));
#2899=DIRECTION('',(1.000000,0.000000,0.000000));
#2900=DIRECTION('',(0.000000,1.000000,0.000000));
#2901=AXIS2_PLACEMENT_3D('',#2898,#2899,#2900);
#2902=PLANE('',#2901);
#2903=ADVANCED_FACE('',(#2897),#2902,.T.);
#2904=POLY_LOOP('',(#2856,#2857,#2859,#2858));
#2905=FACE_OUTER_BOUND('',#2904,.T.);
#2906=CARTESIAN_POINT('',(-2.870000,4.870000,-7.800000));
#2907=DIRECTION('',(-1.000000,0.000000,0.000000));
#2908=DIRECTION('',(0.000000,1.000000,0.000000));
#2909=AXIS2_PLACEMENT_3D('',#2906,#2907,#2908);
#2910=PLANE('',#2909);
#2911=ADVANCED_FACE('',(#2905),#2910,.T.);
#2912=CLOSED_SHELL('',(#2871,#2879,#2887,#2895,#2903,#2911));
#2913=MANIFOLD_SOLID_BREP('mount_hole_marker_2',#2912);
#2914=CARTESIAN_POINT('',(-51.870000,-54.730000,-7.880000));
#2915=CARTESIAN_POINT('',(-51.870000,-54.730000,-7.720000));
#2916=CARTESIAN_POINT('',(-51.870000,-51.530000,-7.880000));
#2917=CARTESIAN_POINT('',(-51.870000,-51.530000,-7.720000));
#2918=CARTESIAN_POINT('',(-48.670000,-54.730000,-7.880000));
#2919=CARTESIAN_POINT('',(-48.670000,-54.730000,-7.720000));
#2920=CARTESIAN_POINT('',(-48.670000,-51.530000,-7.880000));
#2921=CARTESIAN_POINT('',(-48.670000,-51.530000,-7.720000));
#2922=POLY_LOOP('',(#2915,#2919,#2921,#2917));
#2923=FACE_OUTER_BOUND('',#2922,.T.);
#2924=CARTESIAN_POINT('',(-50.270000,-53.130000,-7.720000));
#2925=DIRECTION('',(0.000000,0.000000,1.000000));
#2926=DIRECTION('',(1.000000,0.000000,0.000000));
#2927=AXIS2_PLACEMENT_3D('',#2924,#2925,#2926);
#2928=PLANE('',#2927);
#2929=ADVANCED_FACE('',(#2923),#2928,.T.);
#2930=POLY_LOOP('',(#2914,#2916,#2920,#2918));
#2931=FACE_OUTER_BOUND('',#2930,.T.);
#2932=CARTESIAN_POINT('',(-50.270000,-53.130000,-7.880000));
#2933=DIRECTION('',(0.000000,0.000000,-1.000000));
#2934=DIRECTION('',(1.000000,0.000000,0.000000));
#2935=AXIS2_PLACEMENT_3D('',#2932,#2933,#2934);
#2936=PLANE('',#2935);
#2937=ADVANCED_FACE('',(#2931),#2936,.T.);
#2938=POLY_LOOP('',(#2916,#2917,#2921,#2920));
#2939=FACE_OUTER_BOUND('',#2938,.T.);
#2940=CARTESIAN_POINT('',(-50.270000,-51.530000,-7.800000));
#2941=DIRECTION('',(0.000000,1.000000,0.000000));
#2942=DIRECTION('',(1.000000,0.000000,0.000000));
#2943=AXIS2_PLACEMENT_3D('',#2940,#2941,#2942);
#2944=PLANE('',#2943);
#2945=ADVANCED_FACE('',(#2939),#2944,.T.);
#2946=POLY_LOOP('',(#2914,#2918,#2919,#2915));
#2947=FACE_OUTER_BOUND('',#2946,.T.);
#2948=CARTESIAN_POINT('',(-50.270000,-54.730000,-7.800000));
#2949=DIRECTION('',(0.000000,-1.000000,0.000000));
#2950=DIRECTION('',(1.000000,0.000000,0.000000));
#2951=AXIS2_PLACEMENT_3D('',#2948,#2949,#2950);
#2952=PLANE('',#2951);
#2953=ADVANCED_FACE('',(#2947),#2952,.T.);
#2954=POLY_LOOP('',(#2918,#2920,#2921,#2919));
#2955=FACE_OUTER_BOUND('',#2954,.T.);
#2956=CARTESIAN_POINT('',(-48.670000,-53.130000,-7.800000));
#2957=DIRECTION('',(1.000000,0.000000,0.000000));
#2958=DIRECTION('',(0.000000,1.000000,0.000000));
#2959=AXIS2_PLACEMENT_3D('',#2956,#2957,#2958);
#2960=PLANE('',#2959);
#2961=ADVANCED_FACE('',(#2955),#2960,.T.);
#2962=POLY_LOOP('',(#2914,#2915,#2917,#2916));
#2963=FACE_OUTER_BOUND('',#2962,.T.);
#2964=CARTESIAN_POINT('',(-51.870000,-53.130000,-7.800000));
#2965=DIRECTION('',(-1.000000,0.000000,0.000000));
#2966=DIRECTION('',(0.000000,1.000000,0.000000));
#2967=AXIS2_PLACEMENT_3D('',#2964,#2965,#2966);
#2968=PLANE('',#2967);
#2969=ADVANCED_FACE('',(#2963),#2968,.T.);
#2970=CLOSED_SHELL('',(#2929,#2937,#2945,#2953,#2961,#2969));
#2971=MANIFOLD_SOLID_BREP('mount_hole_marker_3',#2970);
#2972=CARTESIAN_POINT('',(-2.870000,-54.730000,-7.880000));
#2973=CARTESIAN_POINT('',(-2.870000,-54.730000,-7.720000));
#2974=CARTESIAN_POINT('',(-2.870000,-51.530000,-7.880000));
#2975=CARTESIAN_POINT('',(-2.870000,-51.530000,-7.720000));
#2976=CARTESIAN_POINT('',(0.330000,-54.730000,-7.880000));
#2977=CARTESIAN_POINT('',(0.330000,-54.730000,-7.720000));
#2978=CARTESIAN_POINT('',(0.330000,-51.530000,-7.880000));
#2979=CARTESIAN_POINT('',(0.330000,-51.530000,-7.720000));
#2980=POLY_LOOP('',(#2973,#2977,#2979,#2975));
#2981=FACE_OUTER_BOUND('',#2980,.T.);
#2982=CARTESIAN_POINT('',(-1.270000,-53.130000,-7.720000));
#2983=DIRECTION('',(0.000000,0.000000,1.000000));
#2984=DIRECTION('',(1.000000,0.000000,0.000000));
#2985=AXIS2_PLACEMENT_3D('',#2982,#2983,#2984);
#2986=PLANE('',#2985);
#2987=ADVANCED_FACE('',(#2981),#2986,.T.);
#2988=POLY_LOOP('',(#2972,#2974,#2978,#2976));
#2989=FACE_OUTER_BOUND('',#2988,.T.);
#2990=CARTESIAN_POINT('',(-1.270000,-53.130000,-7.880000));
#2991=DIRECTION('',(0.000000,0.000000,-1.000000));
#2992=DIRECTION('',(1.000000,0.000000,0.000000));
#2993=AXIS2_PLACEMENT_3D('',#2990,#2991,#2992);
#2994=PLANE('',#2993);
#2995=ADVANCED_FACE('',(#2989),#2994,.T.);
#2996=POLY_LOOP('',(#2974,#2975,#2979,#2978));
#2997=FACE_OUTER_BOUND('',#2996,.T.);
#2998=CARTESIAN_POINT('',(-1.270000,-51.530000,-7.800000));
#2999=DIRECTION('',(0.000000,1.000000,0.000000));
#3000=DIRECTION('',(1.000000,0.000000,0.000000));
#3001=AXIS2_PLACEMENT_3D('',#2998,#2999,#3000);
#3002=PLANE('',#3001);
#3003=ADVANCED_FACE('',(#2997),#3002,.T.);
#3004=POLY_LOOP('',(#2972,#2976,#2977,#2973));
#3005=FACE_OUTER_BOUND('',#3004,.T.);
#3006=CARTESIAN_POINT('',(-1.270000,-54.730000,-7.800000));
#3007=DIRECTION('',(0.000000,-1.000000,0.000000));
#3008=DIRECTION('',(1.000000,0.000000,0.000000));
#3009=AXIS2_PLACEMENT_3D('',#3006,#3007,#3008);
#3010=PLANE('',#3009);
#3011=ADVANCED_FACE('',(#3005),#3010,.T.);
#3012=POLY_LOOP('',(#2976,#2978,#2979,#2977));
#3013=FACE_OUTER_BOUND('',#3012,.T.);
#3014=CARTESIAN_POINT('',(0.330000,-53.130000,-7.800000));
#3015=DIRECTION('',(1.000000,0.000000,0.000000));
#3016=DIRECTION('',(0.000000,1.000000,0.000000));
#3017=AXIS2_PLACEMENT_3D('',#3014,#3015,#3016);
#3018=PLANE('',#3017);
#3019=ADVANCED_FACE('',(#3013),#3018,.T.);
#3020=POLY_LOOP('',(#2972,#2973,#2975,#2974));
#3021=FACE_OUTER_BOUND('',#3020,.T.);
#3022=CARTESIAN_POINT('',(-2.870000,-53.130000,-7.800000));
#3023=DIRECTION('',(-1.000000,0.000000,0.000000));
#3024=DIRECTION('',(0.000000,1.000000,0.000000));
#3025=AXIS2_PLACEMENT_3D('',#3022,#3023,#3024);
#3026=PLANE('',#3025);
#3027=ADVANCED_FACE('',(#3021),#3026,.T.);
#3028=CLOSED_SHELL('',(#2987,#2995,#3003,#3011,#3019,#3027));
#3029=MANIFOLD_SOLID_BREP('mount_hole_marker_4',#3028);
#3030=SHAPE_REPRESENTATION('',(#71,#129,#187,#245,#303,#361,#419,#477,#535,#593,#651,#709,#767,#825,#883,#941,#999,#1057,#1115,#1173,#1231,#1289,#1347,#1405,#1463,#1521,#1579,#1637,#1695,#1753,#1811,#1869,#1927,#1985,#2043,#2101,#2159,#2217,#2275,#2333,#2391,#2449,#2507,#2565,#2623,#2681,#2739,#2797,#2855,#2913,#2971,#3029),#13);
#3031=SHAPE_DEFINITION_REPRESENTATION(#8,#3030);
ENDSEC;
END-ISO-10303-21;
